transactionid,saledate,customerid,productid,storeid,campaignid,saleamount,commissionpercent,orderchannel
1,2025-05-04,1034,2059,402,0,2048.2,11.6,Phone
2,2025-05-04,1066,2048,403,1,321.87,3.4,Mobile
3,2025-05-04,1116,2041,403,3,3216.84,12.3,Catalog
4,2025-05-04,1071,2096,404,2,1613.23,14.7,Online
6,2025-05-04,1089,2028,401,0,1275.88,8.9,Phone
7,2025-05-04,1193,2003,402,1,346.66,2.2,Mobile
8,2025-05-04,1005,2079,402,1,855.49,6.4,Catalog
9,2025-05-04,1032,2060,401,1,735.08,7.3,Online
11,2025-05-04,1042,2077,401,0,505.65,8.4,Phone
12,2025-05-04,1079,2013,401,2,0.0,2.0,Mobile
14,2025-05-04,1183,2025,401,1,503.32,9.0,Online
16,2025-05-04,1144,2005,403,3,1715.12,15.0,Phone
17,2025-05-04,1169,2047,401,2,535.97,6.4,Mobile
19,2025-05-04,1110,2046,404,1,30.09,2.3,Online
21,2025-05-04,1119,2055,403,2,0.0,6.5,Phone
22,2025-05-04,1062,2011,403,3,1229.22,8.0,Mobile
23,2025-05-04,1062,2096,404,3,672.18,8.0,Catalog
24,2025-05-04,1086,2003,404,2,924.43,6.7,Online
26,2025-05-04,1066,2043,403,2,698.76,7.2,Phone
27,2025-05-04,1142,2001,402,0,1237.05,8.8,Mobile
28,2025-05-04,1061,2092,404,3,482.21,3.5,Catalog
32,2025-05-04,1103,2088,402,2,0.0,2.0,Mobile
33,2025-05-04,1169,2074,403,3,0.0,2.0,Catalog
34,2025-05-04,1141,2067,403,3,872.85,8.1,Online
36,2025-05-04,1179,2058,403,2,1066.8,6.1,Phone
37,2025-05-04,1064,2029,401,1,12.16,4.3,Mobile
38,2025-05-04,1080,2015,402,1,3037.36,14.6,Catalog
39,2025-05-04,1055,2094,404,2,1578.72,13.8,Online
41,2025-05-04,9999,2037,402,2,288.11,2.0,Phone
42,2025-05-04,1045,2038,401,1,1667.72,12.1,Mobile
43,2025-05-04,1070,2005,401,2,686.05,8.2,Catalog
44,2025-05-04,1178,2016,404,0,0.0,2.0,Online
46,2025-05-04,1122,2056,403,1,944.5,7.5,Phone
47,2025-05-04,1013,2032,404,0,2836.8,13.8,Mobile
48,2025-05-04,1016,2051,404,0,117.32,2.2,Catalog
49,2025-05-04,1147,2080,401,1,0.0,2.0,Online
51,2025-05-04,1063,2015,404,1,1214.95,6.2,Phone
52,2025-05-04,1198,2066,404,3,516.06,6.3,Mobile
53,2025-05-04,1113,2038,404,2,2223.62,14.0,Catalog
54,2025-05-04,1145,2079,401,0,1901.08,13.0,Online
56,2025-05-04,1169,2010,402,1,140.11,5.0,Phone
57,2025-05-04,1044,2070,401,1,0.0,2.0,Mobile
58,2025-05-04,1000,2052,404,3,2193.78,14.0,Catalog
59,2025-05-04,1074,2004,402,2,741.8,6.0,Online
61,2025-05-04,1175,2029,403,1,36.48,4.9,Phone
62,2025-05-04,1108,2014,402,1,221.67,4.6,Mobile
63,2025-05-04,1068,2018,401,0,2169.04,12.2,Catalog
64,2025-05-04,1042,2039,403,3,2929.32,12.7,Online
66,2025-05-04,1069,2064,404,3,1470.2,7.6,Phone
68,2025-05-04,1188,2041,403,0,1608.42,15.0,Catalog
69,2025-05-04,1023,2029,401,2,0.0,2.0,Online
71,2025-05-04,1132,2083,404,2,614.53,7.1,Phone
72,2025-05-04,1046,2074,404,3,659.5,7.7,Mobile
73,2025-05-04,1023,2060,403,3,1225.14,5.7,Catalog
74,2025-05-04,1085,2041,401,1,1447.58,7.8,Online
76,2025-05-04,1169,2051,401,3,117.32,3.4,Phone
77,2025-05-04,1022,2040,403,2,55.26,3.6,Mobile
79,2025-05-04,1168,2069,404,3,232.39,2.7,Online
81,2025-05-04,1160,2056,401,1,472.25,4.0,Phone
82,2025-05-04,1068,2070,402,2,109.38,3.1,Mobile
83,2025-05-04,1112,2089,404,0,2067.6,10.6,Catalog
84,2025-05-04,1007,2080,402,1,1498.07,7.8,Online
86,2025-05-04,1023,2028,401,3,2551.76,11.9,Phone
87,2025-05-04,1030,2082,402,3,799.8,8.2,Mobile
88,2025-05-04,1183,2037,403,3,2160.84,11.5,Catalog
89,2025-05-04,1123,2060,402,3,2450.28,13.1,Online
91,2025-05-04,1153,2065,402,0,470.34,4.9,Phone
92,2025-05-04,1070,2098,404,2,0.0,2.0,Mobile
93,2025-05-04,1129,2034,401,2,108.94,3.9,Catalog
94,2025-05-04,1185,2038,404,1,1667.72,12.3,Online
96,2025-05-04,1085,2070,404,3,0.0,2.0,Phone
97,2025-05-04,1082,2024,402,3,372.81,3.2,Mobile
98,2025-05-04,1059,2099,404,0,1292.64,5.6,Catalog
99,2025-05-04,1081,2095,404,3,490.79,3.8,Online
101,2025-05-04,1009,2016,403,0,969.06,7.8,Phone
102,2025-05-04,1112,2012,404,0,1869.57,13.9,Mobile
103,2025-05-04,1184,2018,404,1,488.03,4.6,Catalog
104,2025-05-04,1019,2060,403,2,0.0,2.0,Online
106,2025-05-04,1084,2086,404,2,2861.12,10.2,Phone
107,2025-05-04,1160,2091,404,0,905.79,7.9,Mobile
108,2025-05-04,1158,2008,402,2,159.82,3.0,Catalog
109,2025-05-04,1058,2095,401,3,2453.95,14.7,Online
111,2025-05-04,1042,2088,403,0,709.35,6.9,Phone
112,2025-05-04,1011,2041,401,2,0.0,2.0,Mobile
113,2025-05-04,1091,2047,404,1,0.0,2.0,Catalog
114,2025-05-04,1062,2067,404,1,0.0,2.0,Online
116,2025-05-04,1158,2087,402,3,477.96,2.2,Phone
117,2025-05-04,1149,2018,402,3,1626.78,14.4,Mobile
118,2025-05-04,1163,2032,404,2,756.48,5.2,Catalog
119,2025-05-04,1170,2001,404,2,659.76,5.6,Online
121,2025-05-04,1113,2044,403,3,0.0,2.0,Phone
122,2025-05-04,1176,2032,404,2,756.48,8.3,Mobile
123,2025-05-04,1050,2049,404,0,2819.52,15.0,Catalog
124,2025-05-04,1060,2048,403,2,1144.42,8.1,Online
126,2025-05-04,1070,2001,401,3,0.0,2.0,Phone
127,2025-05-04,1073,2099,402,2,0.0,2.0,Mobile
128,2025-05-04,1056,2081,402,2,0.0,2.0,Catalog
129,2025-05-04,1173,2096,402,0,672.18,9.0,Online
131,2025-05-04,1112,2004,403,1,1669.05,12.6,Phone
132,2025-05-04,1023,2037,403,3,2160.84,13.8,Mobile
133,2025-05-04,1044,2025,402,2,223.7,4.0,Catalog
134,2025-05-04,1135,2064,403,1,793.91,5.9,Online
136,2025-05-04,1029,2059,401,1,921.69,6.3,Phone
137,2025-05-04,1193,2028,404,2,1531.06,10.9,Mobile
138,2025-05-04,1023,2050,401,2,298.85,2.0,Catalog
139,2025-05-04,1137,2015,404,2,539.98,6.9,Online
141,2025-05-04,1163,2047,401,1,301.48,2.0,Phone
142,2025-05-04,1120,2003,403,1,1039.99,8.2,Mobile
143,2025-05-04,1165,2008,404,2,53.27,4.6,Catalog
144,2025-05-04,1166,2052,401,1,658.13,8.1,Online
146,2025-05-04,1029,2012,402,1,0.0,2.0,Phone
147,2025-05-04,1099,2058,403,3,666.75,8.4,Mobile
148,2025-05-04,1150,2095,402,3,490.79,2.8,Catalog
149,2025-05-04,1167,2012,404,3,0.0,2.0,Online
151,2025-05-04,1113,2056,402,2,839.55,6.3,Phone
152,2025-05-04,1025,2087,403,2,0.0,2.0,Mobile
153,2025-05-04,1015,2050,403,1,504.31,8.4,Catalog
154,2025-05-04,1031,2058,401,1,2400.3,14.7,Online
156,2025-05-04,1085,2031,402,1,508.77,5.6,Phone
157,2025-05-04,1017,2097,402,1,757.89,8.0,Mobile
158,2025-05-04,1059,2042,402,0,0.0,2.0,Catalog
159,2025-05-04,1070,2018,402,2,0.0,2.0,Online
161,2025-05-04,1003,2045,402,2,499.42,2.3,Phone
162,2025-05-04,1004,2022,403,0,671.18,8.8,Mobile
163,2025-05-04,1032,2094,404,0,493.35,3.4,Catalog
164,2025-05-04,1190,2008,404,3,266.36,3.6,Online
166,2025-05-04,1128,2028,401,2,2041.41,10.0,Phone
167,2025-05-04,1117,2082,401,0,799.8,7.5,Mobile
168,2025-05-04,1122,2051,404,0,234.64,3.9,Catalog
169,2025-05-04,1125,2091,404,0,1811.58,11.4,Online
172,2025-05-04,1152,2067,403,3,872.85,6.3,Mobile
173,2025-05-04,1129,2077,404,0,2809.15,13.5,Catalog
174,2025-05-04,1179,2014,402,3,738.9,8.2,Online
176,2025-05-04,1116,2051,404,0,351.96,4.6,Phone
178,2025-05-04,1095,2019,404,0,933.93,7.9,Catalog
179,2025-05-04,1023,2010,401,3,0.0,2.0,Online
181,2025-05-04,1142,2007,403,0,583.39,7.2,Phone
182,2025-05-04,1105,2045,404,0,624.28,8.8,Mobile
183,2025-05-04,1073,2076,403,2,1934.57,14.1,Catalog
184,2025-05-04,1026,2073,402,1,1797.95,11.5,Online
186,2025-05-04,1089,2071,403,0,0.0,2.0,Phone
187,2025-05-04,1195,2035,402,3,0.0,2.0,Mobile
188,2025-05-04,1143,2098,401,2,2178.86,12.9,Catalog
189,2025-05-04,1007,2023,403,2,751.63,6.2,Online
191,2025-05-04,1036,2072,404,0,1260.9,5.3,Phone
192,2025-05-04,1036,2094,401,0,2466.75,13.6,Mobile
193,2025-05-04,1191,2067,402,3,872.85,7.5,Catalog
194,2025-05-04,1107,2058,403,1,1800.22,10.2,Online
196,2025-05-04,1013,2019,402,0,0.0,2.0,Phone
197,2025-05-04,1172,2010,403,3,0.0,2.0,Mobile
198,2025-05-04,1169,2054,404,3,900.51,5.0,Catalog
199,2025-05-04,1106,2034,402,0,136.17,4.4,Online
201,2025-05-04,1173,2086,404,2,715.28,7.2,Phone
202,2025-05-04,1011,2028,404,0,0.0,2.0,Mobile
203,2025-05-04,1001,2026,403,1,190.4,2.5,Catalog
204,2025-05-04,1196,2017,403,2,370.96,4.1,Online
206,2025-05-04,1191,2055,402,1,48.55,4.3,Phone
207,2025-05-04,1097,2068,402,2,1312.38,8.5,Mobile
208,2025-05-04,1018,2050,401,3,0.0,2.0,Catalog
209,2025-05-04,1004,2058,401,2,1066.8,7.4,Online
211,2025-05-04,1074,2014,404,0,738.9,6.9,Phone
212,2025-05-04,1083,2021,404,2,668.33,8.4,Mobile
213,2025-05-04,1022,2055,401,1,97.09,2.7,Catalog
214,2025-05-04,1111,2075,404,0,1561.28,10.3,Online
216,2025-05-04,1085,2099,402,0,646.32,6.1,Phone
217,2025-05-04,1130,2081,401,1,1343.2,8.8,Mobile
218,2025-05-04,1198,2044,403,1,186.82,2.3,Catalog
219,2025-05-04,1060,2013,402,2,0.0,2.0,Online
221,2025-05-04,1045,2098,404,3,907.86,6.7,Phone
222,2025-05-04,1193,2072,404,2,1681.2,14.7,Mobile
223,2025-05-04,1160,2040,402,3,138.16,4.6,Catalog
224,2025-05-04,1017,2060,404,2,0.0,2.0,Online
226,2025-05-04,1129,2009,403,3,198.93,4.4,Phone
227,2025-05-04,1115,2004,401,2,2225.4,13.8,Mobile
228,2025-05-04,1073,2009,401,3,66.31,2.4,Catalog
229,2025-05-04,1118,2074,401,3,659.5,6.9,Online
231,2025-05-04,1154,2060,402,0,408.38,4.3,Phone
232,2025-05-04,1115,2013,403,0,2806.08,14.0,Mobile
233,2025-05-04,1129,2082,402,0,1066.4,5.5,Catalog
234,2025-05-04,1063,2090,404,3,71.64,4.4,Online
236,2025-05-04,1095,2036,404,3,653.94,8.5,Phone
237,2025-05-04,1198,2043,401,2,1397.52,8.1,Mobile
238,2025-05-04,1016,2042,401,3,0.0,2.0,Catalog
239,2025-05-04,1072,2032,402,2,1512.96,13.6,Online
241,2025-05-04,1079,2083,404,1,691.34,7.2,Phone
242,2025-05-04,1152,2090,401,2,57.31,2.5,Mobile
243,2025-05-04,1143,2048,403,1,0.0,2.0,Catalog
244,2025-05-04,1171,2089,401,3,1654.08,14.0,Online
246,2025-05-04,1079,2023,402,2,3006.53,10.5,Phone
247,2025-05-04,1196,2062,402,1,1114.85,6.0,Mobile
248,2025-05-04,1035,2019,401,2,0.0,2.0,Catalog
249,2025-05-04,1025,2064,401,2,705.7,7.9,Online
251,2025-05-04,1039,2020,402,1,338.25,2.0,Phone
252,2025-05-04,1184,2056,401,3,1574.16,13.4,Mobile
254,2025-05-04,1156,2036,404,1,392.36,3.7,Online
256,2025-05-04,1049,2047,404,3,1674.9,15.0,Phone
257,2025-05-04,1196,2036,404,3,0.0,2.0,Mobile
258,2025-05-04,1041,2025,402,2,671.09,8.4,Catalog
259,2025-05-04,1013,2082,404,2,1066.4,6.6,Online
261,2025-05-04,1021,2097,402,2,673.68,6.8,Phone
262,2025-05-04,1115,2065,402,3,1881.36,10.3,Mobile
263,2025-05-04,1023,2028,404,2,510.35,7.9,Catalog
264,2025-05-04,1006,2053,401,3,610.15,5.4,Online
266,2025-05-04,1020,2047,402,0,669.96,5.4,Phone
267,2025-05-04,1081,2012,403,1,1682.61,14.8,Mobile
268,2025-05-04,1035,2004,403,3,927.25,8.8,Catalog
269,2025-05-04,1178,2017,404,3,1854.8,11.3,Online
271,2025-05-04,1065,2027,402,3,775.83,7.3,Phone
273,2025-05-04,1077,2015,401,1,1822.42,14.4,Catalog
274,2025-05-04,1107,2081,404,0,2238.66,14.5,Online
276,2025-05-04,1183,2018,403,3,2711.3,14.6,Phone
277,2025-05-04,1000,2078,403,1,0.0,2.0,Mobile
278,2025-05-04,1146,2053,402,0,1220.3,5.5,Catalog
279,2025-05-04,1134,2046,401,0,33.43,3.0,Online
281,2025-05-04,1095,2032,401,2,1512.96,12.1,Phone
282,2025-05-04,1017,2044,402,0,207.58,2.9,Mobile
283,2025-05-04,1197,2074,403,1,593.55,5.4,Catalog
284,2025-05-04,1011,2045,403,1,842.78,6.1,Online
286,2025-05-04,1161,2023,402,0,939.54,6.5,Phone
287,2025-05-04,1183,2099,404,0,1292.64,8.6,Mobile
288,2025-05-04,1075,2025,401,1,0.0,2.0,Catalog
289,2025-05-04,1010,2040,403,3,138.16,3.8,Online
291,2025-05-04,1192,2082,402,2,213.28,2.7,Phone
292,2025-05-04,1091,2099,401,2,1034.11,6.5,Mobile
293,2025-05-04,1069,2015,403,3,2699.88,11.9,Catalog
294,2025-05-04,1102,2095,404,3,1472.37,6.2,Online
296,2025-05-04,1094,2066,403,0,1032.12,5.0,Phone
297,2025-05-04,1186,2054,401,3,0.0,2.0,Mobile
298,2025-05-04,1154,2023,403,2,751.63,6.3,Catalog
299,2025-05-04,1026,2010,403,2,62.27,2.7,Online
301,2025-05-04,1176,2056,403,3,524.72,8.6,Phone
302,2025-05-04,1010,2093,403,3,0.0,2.0,Mobile
303,2025-05-04,1070,2081,401,0,1492.44,6.7,Catalog
304,2025-05-04,1171,2081,404,2,596.98,7.7,Online
306,2025-05-04,1036,2077,404,0,1123.66,8.5,Phone
307,2025-05-04,1032,2008,402,2,106.54,4.4,Mobile
308,2025-05-04,1092,2049,401,1,0.0,2.0,Catalog
309,2025-05-04,1173,2057,403,2,349.58,3.2,Online
311,2025-05-04,1135,2046,404,2,80.23,2.9,Phone
312,2025-05-04,1166,2035,402,0,899.99,7.2,Mobile
313,2025-05-04,1006,2094,402,3,1480.05,8.8,Catalog
314,2025-05-04,1132,2049,401,2,1503.74,11.8,Online
316,2025-05-04,1156,2036,404,1,784.73,6.9,Phone
317,2025-05-04,1031,2017,401,3,0.0,2.0,Mobile
318,2025-05-04,1044,2091,404,0,1811.58,10.0,Catalog
319,2025-05-04,1174,2040,403,0,34.54,4.0,Online
321,2025-05-04,1040,2091,402,2,724.63,8.9,Phone
322,2025-05-04,1130,2028,401,1,574.15,5.7,Mobile
323,2025-05-04,1035,2030,404,0,339.94,3.6,Catalog
324,2025-05-04,1092,2070,403,3,102.54,2.0,Online
326,2025-05-04,1079,2050,404,3,186.78,4.1,Phone
327,2025-05-04,1196,2052,401,1,2632.54,11.3,Mobile
328,2025-05-04,1081,2082,401,3,1066.4,6.9,Catalog
329,2025-05-04,1119,2087,403,1,0.0,2.0,Online
331,2025-05-04,1110,2064,401,0,0.0,2.0,Phone
332,2025-05-04,1132,2019,403,1,1681.07,13.6,Mobile
333,2025-05-04,1041,2041,402,2,643.37,8.8,Catalog
334,2025-05-04,1132,2036,401,2,348.77,3.2,Online
336,2025-05-04,1160,2038,401,1,0.0,2.0,Phone
337,2025-05-04,1151,2074,402,1,1187.1,8.6,Mobile
338,2025-05-04,1168,2079,403,0,1901.08,13.3,Catalog
339,2025-05-04,1007,2010,401,2,62.27,2.7,Online
341,2025-05-04,1127,2080,403,2,1997.42,13.0,Phone
342,2025-05-04,1123,2031,404,2,1356.72,6.9,Mobile
343,2025-05-04,1116,2009,401,1,119.36,4.1,Catalog
344,2025-05-04,1112,2053,404,3,0.0,2.0,Online
346,2025-05-04,1183,2040,403,3,103.62,2.4,Phone
348,2025-05-04,1081,2030,404,0,339.94,5.0,Catalog
349,2025-05-04,1068,2057,402,1,1179.85,6.3,Online
351,2025-05-04,1157,2053,402,1,1098.27,5.7,Phone
352,2025-05-04,1083,2073,403,1,2247.44,11.1,Mobile
353,2025-05-04,1195,2020,404,3,1879.15,11.8,Catalog
354,2025-05-04,1127,2039,404,0,1952.88,10.1,Online
356,2025-05-04,1055,2074,403,0,1978.5,11.3,Phone
357,2025-05-04,1012,2036,404,3,653.94,6.3,Mobile
358,2025-05-04,1073,2068,401,0,2460.72,14.6,Catalog
359,2025-05-04,1110,2017,403,2,370.96,2.6,Online
361,2025-05-04,1102,2006,402,2,792.0,7.2,Phone
362,2025-05-04,1141,2036,401,3,871.92,7.7,Mobile
363,2025-05-04,1129,2057,403,0,1747.92,14.3,Catalog
364,2025-05-04,1032,2012,404,2,997.1,5.8,Online
366,2025-05-04,1050,2077,404,0,561.83,8.1,Phone
367,2025-05-04,1011,2004,402,2,0.0,2.0,Mobile
368,2025-05-04,1121,2066,404,1,0.0,2.0,Catalog
369,2025-05-04,1155,2065,402,2,1128.82,6.7,Online
371,2025-05-04,1157,2094,403,2,1578.72,13.6,Phone
372,2025-05-04,1129,2065,404,2,752.54,5.4,Mobile
373,2025-05-04,1121,2002,403,2,2771.2,11.9,Catalog
374,2025-05-04,1172,2014,404,2,197.04,4.6,Online
376,2025-05-04,1067,2083,402,0,0.0,2.0,Phone
377,2025-05-04,1149,2061,402,3,1199.52,9.0,Mobile
378,2025-05-04,1037,2087,402,0,318.64,5.0,Catalog
379,2025-05-04,1146,2089,401,1,744.34,8.6,Online
381,2025-05-04,1038,2052,402,3,2193.78,10.0,Phone
383,2025-05-04,1180,2017,402,2,741.92,8.8,Catalog
384,2025-05-04,1169,2061,404,2,319.87,4.3,Online
387,2025-05-04,1049,2031,403,2,1356.72,7.2,Mobile
388,2025-05-04,1057,2038,403,1,2501.58,10.1,Catalog
389,2025-05-04,1176,2090,404,2,343.87,2.8,Online
391,2025-05-04,1031,2073,404,3,1498.29,6.4,Phone
392,2025-05-04,1088,2098,402,2,726.29,5.4,Mobile
393,2025-05-04,1010,2036,401,2,348.77,2.1,Catalog
394,2025-05-04,1113,2083,403,3,3072.64,10.6,Online
396,2025-05-04,1035,2013,402,1,1683.65,11.1,Phone
397,2025-05-04,1012,2085,402,1,217.94,4.6,Mobile
398,2025-05-04,1013,2012,404,2,1994.21,14.7,Catalog
399,2025-05-04,1183,2060,401,1,367.54,2.9,Online
401,2025-05-04,1167,2060,404,1,735.08,7.7,Phone
402,2025-05-04,1193,2036,403,2,348.77,4.7,Mobile
403,2025-05-04,1165,2007,401,1,0.0,2.0,Catalog
404,2025-05-04,1136,2094,401,1,1776.06,10.1,Online
406,2025-05-04,1126,2023,403,0,0.0,2.0,Phone
407,2025-05-04,1002,2038,401,2,1482.42,6.6,Mobile
408,2025-05-04,1072,2058,404,1,1200.15,7.3,Catalog
409,2025-05-04,1129,2059,403,1,1382.54,7.3,Online
411,2025-05-04,1165,2032,402,0,0.0,2.0,Phone
412,2025-05-04,1188,2043,403,1,1572.21,14.0,Mobile
413,2025-05-04,1044,2078,404,3,426.03,3.7,Catalog
414,2025-05-04,1131,2041,401,3,3216.84,11.7,Online
416,2025-05-04,1122,2041,402,0,1608.42,11.0,Phone
417,2025-05-04,1066,2049,402,3,0.0,2.0,Mobile
418,2025-05-04,1192,2034,403,2,326.81,3.7,Catalog
419,2025-05-04,1149,2092,401,2,1157.3,8.3,Online
421,2025-05-04,1170,2015,404,2,0.0,2.0,Phone
422,2025-05-04,1040,2051,403,0,469.28,3.6,Mobile
423,2025-05-04,1163,2037,403,1,0.0,2.0,Catalog
424,2025-05-04,1056,2017,404,1,834.66,7.5,Online
426,2025-05-04,1179,2070,404,1,61.52,4.1,Phone
427,2025-05-04,1195,2031,401,3,1695.9,13.7,Mobile
428,2025-05-04,1135,2090,403,0,0.0,2.0,Catalog
429,2025-05-04,1144,2014,401,1,443.34,3.5,Online
431,2025-05-04,1083,2066,404,0,516.06,7.0,Phone
432,2025-05-04,1174,2026,404,0,423.12,4.0,Mobile
433,2025-05-04,1130,2057,401,3,1747.92,10.3,Catalog
434,2025-05-04,1033,2065,404,3,0.0,2.0,Online
436,2025-05-04,1185,2002,404,2,692.8,8.3,Phone
437,2025-05-04,1000,2095,402,0,0.0,2.0,Mobile
438,2025-05-04,1011,2054,403,0,900.51,7.1,Catalog
439,2025-05-04,1138,2007,401,3,2333.56,14.5,Online
441,2025-05-04,1196,2017,404,2,741.92,6.7,Phone
442,2025-05-04,1097,2057,404,3,436.98,3.8,Mobile
443,2025-05-04,1020,2087,402,2,637.28,6.4,Catalog
444,2025-05-04,1030,2022,404,1,604.06,6.5,Online
446,2025-05-04,1076,2059,404,3,1536.15,12.0,Phone
447,2025-05-04,1058,2031,404,2,0.0,2.0,Mobile
448,2025-05-04,1039,2035,402,0,899.99,8.9,Catalog
449,2025-05-04,1008,2084,404,0,845.55,5.6,Online
451,2025-05-04,1152,2004,404,0,2781.75,12.6,Phone
452,2025-05-04,1062,2094,401,3,1973.4,13.2,Mobile
453,2025-05-04,1112,2029,402,0,13.51,4.9,Catalog
454,2025-05-04,1035,2064,403,1,0.0,2.0,Online
456,2025-05-04,1060,2038,402,1,3335.44,12.4,Phone
457,2025-05-04,1105,2038,403,0,1853.02,14.7,Mobile
459,2025-05-04,1142,2063,401,2,1325.9,5.6,Online
461,2025-05-04,1178,2053,404,1,1647.4,13.0,Phone
462,2025-05-04,1076,2048,402,3,1072.89,6.3,Mobile
463,2025-05-04,1061,2028,403,1,1148.29,7.3,Catalog
464,2025-05-04,1118,2007,404,3,1750.17,13.5,Online
466,2025-05-04,1062,2032,402,2,756.48,5.7,Phone
467,2025-05-04,1165,2010,404,2,124.54,4.8,Mobile
468,2025-05-04,1023,2068,402,0,2460.72,10.3,Catalog
469,2025-05-04,1068,2048,401,0,715.26,6.0,Online
471,2025-05-04,1053,2042,403,0,167.61,3.7,Phone
472,2025-05-04,1054,2024,401,3,372.81,3.8,Mobile
473,2025-05-04,1062,2089,402,3,1240.56,8.9,Catalog
474,2025-05-04,1061,2070,403,2,27.34,2.1,Online
476,2025-05-04,1066,2046,404,3,200.58,3.6,Phone
477,2025-05-04,1025,2092,404,2,771.54,7.2,Mobile
478,2025-05-04,1052,2047,403,3,334.98,4.2,Catalog
479,2025-05-04,1011,2072,402,1,756.54,5.3,Online
481,2025-05-04,1039,2025,403,1,503.32,8.2,Phone
482,2025-05-04,1097,2072,402,3,420.3,4.6,Mobile
483,2025-05-04,1140,2083,403,2,1843.58,12.5,Catalog
484,2025-05-04,1195,2062,404,3,3096.8,14.8,Online
486,2025-05-04,1035,2092,404,1,0.0,2.0,Phone
487,2025-05-04,1138,2082,401,0,533.2,6.4,Mobile
488,2025-05-04,1019,2085,401,0,484.3,4.1,Catalog
489,2025-05-04,1105,2017,402,0,1391.1,7.6,Online
491,2025-05-04,1129,2058,403,0,1333.5,5.3,Phone
492,2025-05-04,1158,2081,404,3,2984.88,11.8,Mobile
493,2025-05-04,1004,2000,404,0,2907.93,14.3,Catalog
494,2025-05-04,1004,2067,403,2,465.52,4.6,Online
496,2025-05-04,1027,2012,402,1,1121.74,9.0,Phone
498,2025-05-04,1068,2050,401,2,0.0,2.0,Catalog
499,2025-05-04,1103,2058,402,1,600.08,7.0,Online
501,2025-05-04,1023,2051,404,3,351.96,5.0,Phone
502,2025-05-04,1141,2060,401,0,408.38,4.1,Mobile
503,2025-05-04,1179,2021,401,3,835.41,5.5,Catalog
504,2025-05-04,1111,2082,403,0,0.0,2.0,Online
506,2025-05-04,1177,2072,404,2,1008.72,6.6,Phone
507,2025-05-04,1011,2009,403,0,0.0,2.0,Mobile
508,2025-05-04,1045,2040,401,1,31.09,4.1,Catalog
509,2025-05-04,1150,2018,404,0,1084.52,8.6,Online
511,2025-05-04,1173,2069,403,3,232.39,4.0,Phone
512,2025-05-04,1193,2094,402,0,1480.05,5.6,Mobile
513,2025-05-04,1128,2095,403,0,0.0,2.0,Catalog
514,2025-05-04,1025,2055,402,0,107.88,3.2,Online
516,2025-05-04,1007,2081,403,3,746.22,8.4,Phone
517,2025-05-04,1125,2029,403,3,40.53,4.2,Mobile
518,2025-05-04,1110,2023,404,0,1879.08,11.2,Catalog
519,2025-05-04,1197,2079,403,1,855.49,6.7,Online
521,2025-05-04,1039,2048,402,3,357.63,4.4,Phone
522,2025-05-04,1081,2046,401,0,33.43,2.6,Mobile
523,2025-05-04,1001,2039,404,2,2343.46,12.9,Catalog
524,2025-05-04,1194,2034,401,1,245.11,3.7,Online
526,2025-05-04,1142,2071,404,0,615.16,7.4,Phone
527,2025-05-04,1006,2011,403,0,1229.22,5.1,Mobile
528,2025-05-04,1152,2076,403,3,2418.21,10.7,Catalog
529,2025-05-04,1003,2037,404,3,1440.56,7.1,Online
531,2025-05-04,1175,2048,402,1,965.6,7.9,Phone
532,2025-05-04,1068,2038,403,3,0.0,2.0,Mobile
533,2025-05-04,1037,2008,402,3,266.36,3.2,Catalog
534,2025-05-04,1070,2053,403,3,1830.45,11.8,Online
536,2025-05-04,1063,2092,404,1,867.98,6.2,Phone
537,2025-05-04,1117,2013,402,2,2244.86,10.6,Mobile
538,2025-05-04,1001,2050,403,3,0.0,2.0,Catalog
539,2025-05-04,1084,2056,403,3,1574.16,14.3,Online
541,2025-05-04,1082,2077,402,3,0.0,2.0,Phone
542,2025-05-04,1080,2022,404,2,1073.89,6.7,Mobile
543,2025-05-04,1074,2094,404,1,444.02,3.3,Catalog
544,2025-05-04,1083,2048,403,3,0.0,2.0,Online
546,2025-05-04,1174,2098,401,3,2723.58,13.0,Phone
547,2025-05-04,1181,2026,404,2,507.74,6.5,Mobile
548,2025-05-04,1177,2008,404,3,332.95,2.1,Catalog
549,2025-05-04,1035,2081,403,1,1343.2,8.6,Online
551,2025-05-04,1096,2009,404,3,198.93,2.2,Phone
552,2025-05-04,1149,2051,404,0,0.0,2.0,Mobile
553,2025-05-04,1092,2089,401,0,827.04,7.3,Catalog
554,2025-05-04,1196,2031,403,1,1526.31,10.2,Online
556,2025-05-04,1192,2042,404,0,1005.66,6.3,Phone
557,2025-05-04,1002,2012,403,1,560.87,8.8,Mobile
558,2025-05-04,1130,2095,402,3,1963.16,11.5,Catalog
559,2025-05-04,1095,2050,404,1,168.1,4.8,Online
561,2025-05-04,1075,2053,401,0,1830.45,12.8,Phone
562,2025-05-04,1186,2018,403,2,1301.42,7.2,Mobile
563,2025-05-04,1087,2058,402,3,2667.0,12.3,Catalog
564,2025-05-04,1089,2060,401,3,408.38,4.6,Online
566,2025-05-04,1017,2038,401,0,0.0,2.0,Phone
567,2025-05-04,1005,2043,401,1,786.1,6.9,Mobile
568,2025-05-04,1189,2031,402,1,2035.08,11.6,Catalog
569,2025-05-04,1084,2071,404,3,0.0,2.0,Online
571,2025-05-04,1163,2084,404,3,845.55,5.7,Phone
572,2025-05-04,1007,2094,402,3,493.35,2.6,Mobile
573,2025-05-04,1151,2054,404,0,0.0,2.0,Catalog
574,2025-05-04,1180,2027,402,2,0.0,2.0,Online
576,2025-05-04,1137,2023,403,2,1503.26,13.1,Phone
577,2025-05-04,1050,2058,401,2,1066.8,9.0,Mobile
578,2025-05-04,1171,2062,403,3,619.36,6.8,Catalog
579,2025-05-04,1156,2050,401,2,0.0,2.0,Online
581,2025-05-04,1157,2075,401,1,702.58,7.5,Phone
582,2025-05-04,1080,2015,402,2,1619.93,13.2,Mobile
583,2025-05-04,1029,2023,403,1,0.0,2.0,Catalog
584,2025-05-04,1130,2049,404,1,845.86,7.5,Online
586,2025-05-04,1124,2081,402,1,2686.39,14.5,Phone
587,2025-05-04,1125,2036,402,1,588.55,7.6,Mobile
588,2025-05-04,1080,2057,401,2,699.17,5.6,Catalog
589,2025-05-04,1002,2062,402,1,1114.85,7.7,Online
591,2025-05-04,1175,2062,404,3,1858.08,14.2,Phone
592,2025-05-04,1125,2021,401,0,1670.82,14.3,Mobile
593,2025-05-04,1194,2028,403,0,637.94,6.4,Catalog
594,2025-05-04,1070,2028,403,1,0.0,2.0,Online
596,2025-05-04,1146,2014,403,2,0.0,2.0,Phone
597,2025-05-04,1138,2096,401,3,2688.72,14.6,Mobile
598,2025-05-04,1139,2027,404,0,258.61,2.1,Catalog
599,2025-05-04,1188,2083,402,2,1229.06,5.1,Online
601,2025-05-04,1022,2056,401,1,2361.24,10.3,Phone
602,2025-05-04,1053,2094,403,3,493.35,2.6,Mobile
603,2025-05-04,1042,2078,402,1,127.81,4.1,Catalog
604,2025-05-04,1052,2007,403,2,2333.56,11.5,Online
606,2025-05-04,1180,2037,403,2,288.11,2.0,Phone
607,2025-05-04,1131,2086,401,1,2414.07,11.4,Mobile
608,2025-05-04,1192,2052,401,2,0.0,2.0,Catalog
609,2025-05-04,1167,2016,402,1,290.72,3.0,Online
611,2025-05-04,1194,2086,404,3,0.0,2.0,Phone
612,2025-05-04,1036,2073,403,3,1997.72,12.3,Mobile
613,2025-05-04,1096,2057,401,0,1310.94,8.6,Catalog
614,2025-05-04,1103,2065,403,2,376.27,4.5,Online
616,2025-05-04,1198,2093,401,3,0.0,2.0,Phone
617,2025-05-04,1162,2085,403,0,0.0,2.0,Mobile
618,2025-05-04,1136,2050,402,3,933.9,7.7,Catalog
619,2025-05-04,1054,2063,403,2,441.97,5.0,Online
621,2025-05-04,1087,2087,401,0,637.28,5.9,Phone
622,2025-05-04,1025,2080,404,0,3329.04,13.7,Mobile
623,2025-05-04,1031,2020,404,3,1127.49,7.2,Catalog
624,2025-05-04,1000,2054,402,1,1620.92,13.9,Online
626,2025-05-04,1023,2083,403,2,1229.06,5.0,Phone
627,2025-05-04,1021,2047,402,0,1674.9,10.6,Mobile
629,2025-05-04,1109,2083,401,0,768.16,7.0,Online
631,2025-05-04,1033,2075,402,3,780.64,8.9,Phone
632,2025-05-04,1002,2001,403,0,824.7,6.4,Mobile
634,2025-05-04,1018,2029,404,0,27.02,2.3,Online
636,2025-05-04,1094,2038,402,3,926.51,8.2,Phone
637,2025-05-04,1198,2096,402,1,1814.89,12.8,Mobile
638,2025-05-04,1017,2067,401,1,523.71,7.0,Catalog
639,2025-05-04,1112,2044,402,1,560.47,6.9,Online
641,2025-05-04,1022,2012,402,0,623.19,7.1,Phone
642,2025-05-04,1150,2093,404,2,1814.26,12.2,Mobile
643,2025-05-04,1109,2040,402,1,31.09,4.6,Catalog
644,2025-05-04,1070,2082,401,1,719.82,5.1,Online
646,2025-05-04,1168,2038,402,1,1667.72,12.8,Phone
647,2025-05-04,1191,2050,403,0,560.34,8.8,Mobile
648,2025-05-04,1005,2030,404,3,679.88,8.0,Catalog
649,2025-05-04,1028,2030,404,0,509.91,6.6,Online
651,2025-05-04,1033,2049,404,2,751.87,8.7,Phone
652,2025-05-04,1139,2087,402,3,0.0,2.0,Mobile
653,2025-05-04,1197,2009,401,0,265.24,3.2,Catalog
654,2025-05-04,1003,2033,402,0,836.25,8.7,Online
656,2025-05-04,1108,2089,404,0,413.52,5.0,Phone
657,2025-05-04,1163,2068,402,2,3280.96,10.7,Mobile
658,2025-05-04,1021,2039,401,1,878.8,7.6,Catalog
659,2025-05-04,1039,2068,403,3,2460.72,14.3,Online
661,2025-05-04,1178,2055,402,0,53.94,3.8,Phone
662,2025-05-04,1062,2011,404,0,0.0,2.0,Mobile
663,2025-05-04,1116,2078,401,2,0.0,2.0,Catalog
664,2025-05-04,1170,2094,402,0,986.7,6.0,Online
666,2025-05-04,1041,2063,403,2,1325.9,8.0,Phone
667,2025-05-04,1042,2047,402,2,803.95,8.0,Mobile
668,2025-05-04,1187,2015,401,2,0.0,2.0,Catalog
669,2025-05-04,1109,2034,401,2,326.81,4.5,Online
671,2025-05-04,1116,2065,403,0,470.34,2.5,Phone
672,2025-05-04,1127,2072,402,2,1008.72,5.7,Mobile
673,2025-05-04,1040,2032,401,0,0.0,2.0,Catalog
674,2025-05-04,1058,2094,401,0,493.35,3.9,Online
676,2025-05-04,1093,2049,402,1,1691.71,11.2,Phone
677,2025-05-04,1009,2070,404,1,30.76,2.0,Mobile
678,2025-05-04,1082,2031,404,2,452.24,4.2,Catalog
679,2025-05-04,1069,2009,403,0,0.0,2.0,Online
681,2025-05-04,1057,2066,401,3,1548.18,13.1,Phone
682,2025-05-04,1017,2059,403,2,409.64,2.9,Mobile
683,2025-05-04,1083,2011,404,0,1638.96,14.2,Catalog
684,2025-05-04,1094,2025,403,2,223.7,3.2,Online
686,2025-05-04,1094,2075,404,1,702.58,8.4,Phone
687,2025-05-04,1187,2069,402,1,627.45,9.0,Mobile
688,2025-05-04,1001,2052,401,1,0.0,2.0,Catalog
689,2025-05-04,1138,2044,401,2,166.06,4.4,Online
691,2025-05-04,1026,2026,402,3,211.56,4.9,Phone
692,2025-05-04,1125,2007,402,2,933.42,7.4,Mobile
693,2025-05-04,1023,2005,402,3,1286.34,5.4,Catalog
694,2025-05-04,1179,2047,404,0,669.96,5.1,Online
696,2025-05-04,1019,2075,401,3,2341.92,10.0,Phone
697,2025-05-04,1169,2016,402,2,775.25,9.0,Mobile
698,2025-05-04,1066,2040,404,2,55.26,2.7,Catalog
699,2025-05-04,1081,2057,403,1,393.28,3.6,Online
702,2025-05-04,1119,2040,404,0,69.08,4.9,Mobile
703,2025-05-04,1137,2045,402,3,0.0,2.0,Catalog
704,2025-05-04,1078,2059,403,0,1536.15,12.1,Online
707,2025-05-04,1182,2031,403,3,1695.9,14.4,Mobile
708,2025-05-04,1131,2006,403,2,475.2,2.8,Catalog
709,2025-05-04,1044,2003,404,3,1155.54,7.7,Online
711,2025-05-04,1118,2013,402,0,1870.72,11.6,Phone
712,2025-05-04,1003,2007,402,1,1050.1,7.2,Mobile
713,2025-05-04,1050,2051,403,0,117.32,3.3,Catalog
714,2025-05-04,1149,2075,403,0,780.64,7.8,Online
716,2025-05-04,1032,2011,403,0,409.74,2.5,Phone
717,2025-05-04,1010,2059,401,1,921.69,6.2,Mobile
718,2025-05-04,1146,2055,404,3,0.0,2.0,Catalog
719,2025-05-04,1007,2048,404,1,1287.47,7.5,Online
721,2025-05-04,1071,2057,402,0,1310.94,8.7,Phone
722,2025-05-04,1157,2079,402,2,2281.3,13.4,Mobile
723,2025-05-04,1127,2052,404,0,2193.78,13.6,Catalog
724,2025-05-04,1022,2035,404,1,1619.98,12.7,Online
726,2025-05-04,1097,2091,403,3,2717.37,13.0,Phone
727,2025-05-04,1139,2062,403,2,1486.46,7.2,Mobile
728,2025-05-04,1099,2034,402,0,408.51,4.8,Catalog
729,2025-05-04,1081,2076,402,0,2418.21,14.6,Online
731,2025-05-04,1135,2045,402,1,842.78,5.9,Phone
732,2025-05-04,1025,2031,402,2,904.48,6.6,Mobile
733,2025-05-04,1136,2094,401,1,0.0,2.0,Catalog
734,2025-05-04,1147,2049,403,1,3383.42,12.0,Online
736,2025-05-04,1151,2003,403,1,693.32,8.3,Phone
737,2025-05-04,1144,2024,404,2,298.25,4.6,Mobile
738,2025-05-04,1044,2062,401,0,1238.72,6.2,Catalog
739,2025-05-04,1014,2029,402,0,13.51,2.7,Online
741,2025-05-04,1157,2025,402,2,671.09,8.0,Phone
742,2025-05-04,1183,2022,403,0,2684.72,12.7,Mobile
743,2025-05-04,1005,2018,402,0,542.26,5.4,Catalog
744,2025-05-04,1134,2046,401,2,53.49,3.1,Online
746,2025-05-04,1086,2038,403,1,1667.72,14.4,Phone
747,2025-05-04,1040,2093,404,3,755.94,5.3,Mobile
748,2025-05-04,1166,2040,402,2,27.63,4.0,Catalog
749,2025-05-04,1057,2085,402,3,1452.9,5.5,Online
751,2025-05-04,1045,2093,401,3,2267.82,10.9,Phone
752,2025-05-04,1197,2072,401,1,1513.08,11.4,Mobile
753,2025-05-04,1154,2040,402,0,69.08,3.3,Catalog
754,2025-05-04,1127,2018,403,0,0.0,2.0,Online
756,2025-05-04,1162,2011,403,3,1229.22,8.8,Phone
757,2025-05-04,1002,2033,402,1,3010.5,10.5,Mobile
758,2025-05-04,1177,2008,403,2,159.82,4.0,Catalog
759,2025-05-04,1027,2092,401,0,482.21,4.9,Online
761,2025-05-04,1105,2063,404,2,2209.84,13.4,Phone
762,2025-05-04,1139,2048,401,3,357.63,4.7,Mobile
763,2025-05-04,1147,2083,402,1,691.34,8.7,Catalog
764,2025-05-04,1115,2009,401,2,53.05,3.3,Online
766,2025-05-04,1018,2043,402,3,2620.35,14.0,Phone
767,2025-05-04,1041,2093,401,0,755.94,8.6,Mobile
768,2025-05-04,1086,2076,404,0,0.0,2.0,Catalog
769,2025-05-04,1110,2083,402,3,768.16,8.0,Online
771,2025-05-04,1052,2024,404,2,298.25,4.9,Phone
772,2025-05-04,1169,2036,403,1,392.36,3.4,Mobile
773,2025-05-04,1024,2006,404,3,0.0,2.0,Catalog
774,2025-05-04,1039,2006,403,0,198.0,2.6,Online
776,2025-05-04,1051,2012,401,1,1121.74,8.5,Phone
777,2025-05-04,1043,2081,403,0,746.22,6.6,Mobile
778,2025-05-04,1121,2014,403,3,985.2,7.2,Catalog
779,2025-05-04,1120,2062,403,0,2477.44,10.0,Online
781,2025-05-04,1094,2048,403,1,321.87,2.9,Phone
782,2025-05-04,1114,2005,403,3,428.78,4.5,Mobile
783,2025-05-04,1119,2033,402,2,1338.0,6.5,Catalog
784,2025-05-04,1144,2007,402,0,1166.78,5.6,Online
786,2025-05-04,1193,2075,402,0,1561.28,12.4,Phone
787,2025-05-04,1099,2066,404,3,0.0,2.0,Mobile
788,2025-05-04,1146,2030,404,2,543.9,7.5,Catalog
789,2025-05-04,1020,2050,401,1,168.1,4.2,Online
791,2025-05-04,1042,2027,402,1,232.75,4.5,Phone
792,2025-05-04,1010,2054,401,3,900.51,8.3,Mobile
793,2025-05-04,1051,2080,402,2,0.0,2.0,Catalog
794,2025-05-04,1081,2093,401,0,755.94,6.6,Online
796,2025-05-04,1070,2066,404,0,0.0,2.0,Phone
797,2025-05-04,1179,2079,404,0,2851.62,10.4,Mobile
799,2025-05-04,1027,2072,401,2,672.48,6.5,Online
801,2025-05-04,1098,2083,404,3,2304.48,13.2,Phone
802,2025-05-04,1009,2022,403,3,2684.72,12.6,Mobile
803,2025-05-04,1036,2079,404,0,950.54,5.9,Catalog
804,2025-05-04,1101,2042,402,0,335.22,2.5,Online
806,2025-05-04,1005,2043,403,2,2096.28,10.3,Phone
807,2025-05-04,1071,2062,401,1,557.42,7.8,Mobile
808,2025-05-04,1034,2038,404,2,2223.62,14.9,Catalog
809,2025-05-04,1068,2093,404,0,2267.82,10.6,Online
811,2025-05-04,1189,2062,403,0,1858.08,13.8,Phone
812,2025-05-04,1131,2020,401,2,0.0,2.0,Mobile
813,2025-05-04,1181,2064,404,1,264.64,4.1,Catalog
814,2025-05-04,1199,2067,401,1,0.0,2.0,Online
816,2025-05-04,1008,2058,401,2,533.4,6.9,Phone
817,2025-05-04,1180,2025,403,2,894.78,8.7,Mobile
818,2025-05-04,1118,2064,404,0,882.12,8.0,Catalog
819,2025-05-04,1174,2003,402,2,308.14,2.7,Online
821,2025-05-04,1121,2075,403,2,2498.05,12.1,Phone
822,2025-05-04,1041,2033,401,2,669.0,6.9,Mobile
823,2025-05-04,1007,2049,401,1,845.86,6.6,Catalog
824,2025-05-04,1146,2099,402,1,581.69,8.8,Online
826,2025-05-04,1166,2052,401,0,731.26,7.3,Phone
827,2025-05-04,1121,2016,402,0,646.04,8.2,Mobile
829,2025-05-04,1108,2048,403,3,357.63,4.2,Online
831,2025-05-04,1173,2066,404,0,2580.3,13.2,Phone
832,2025-05-04,1001,2065,403,2,376.27,3.6,Mobile
833,2025-05-04,1076,2087,401,3,796.6,8.1,Catalog
834,2025-05-04,1016,2043,403,2,2795.04,11.4,Online
836,2025-05-04,1038,2066,402,0,1032.12,5.7,Phone
837,2025-05-04,1153,2051,403,1,316.76,3.2,Mobile
838,2025-05-04,1184,2003,404,2,1848.86,11.9,Catalog
839,2025-05-04,1066,2053,404,3,0.0,2.0,Online
842,2025-05-04,1171,2045,403,1,280.93,4.1,Mobile
843,2025-05-04,1168,2071,402,2,1968.51,11.0,Catalog
844,2025-05-04,1024,2060,402,2,326.7,2.2,Online
846,2025-05-04,1167,2011,402,2,327.79,2.5,Phone
847,2025-05-04,1057,2095,403,3,2453.95,12.9,Mobile
848,2025-05-04,1084,2047,403,2,803.95,5.6,Catalog
851,2025-05-04,1049,2064,401,3,882.12,9.0,Phone
852,2025-05-04,1135,2038,404,0,926.51,7.0,Mobile
853,2025-05-04,1038,2017,402,2,741.92,5.6,Catalog
854,2025-05-04,1104,2072,404,1,1134.81,5.5,Online
856,2025-05-04,1124,2042,402,2,0.0,2.0,Phone
857,2025-05-04,1162,2007,401,3,583.39,6.9,Mobile
858,2025-05-04,1070,2026,402,1,190.4,3.3,Catalog
859,2025-05-04,1125,2097,401,1,3031.56,10.1,Online
861,2025-05-04,1109,2061,404,0,799.68,8.5,Phone
862,2025-05-04,1009,2068,402,2,0.0,2.0,Mobile
863,2025-05-04,1003,2041,402,0,2412.63,10.6,Catalog
864,2025-05-04,1173,2000,402,1,872.38,7.9,Online
866,2025-05-04,1026,2049,403,1,3383.42,12.1,Phone
867,2025-05-04,1016,2005,403,2,686.05,6.3,Mobile
868,2025-05-04,1116,2093,403,3,755.94,8.5,Catalog
869,2025-05-04,1175,2017,403,3,463.7,3.4,Online
871,2025-05-04,1103,2002,402,1,779.4,6.6,Phone
872,2025-05-04,1186,2016,402,0,646.04,6.8,Mobile
873,2025-05-04,1150,2064,402,0,294.04,3.6,Catalog
874,2025-05-04,1093,2091,401,3,2717.37,10.6,Online
876,2025-05-04,1169,2013,401,0,935.36,5.0,Phone
877,2025-05-04,1176,2014,404,3,1231.5,5.1,Mobile
878,2025-05-04,1097,2015,403,3,2699.88,10.2,Catalog
879,2025-05-04,1179,2019,402,0,1867.86,11.9,Online
881,2025-05-04,1159,2077,402,3,561.83,7.0,Phone
882,2025-05-04,1026,2065,401,2,1881.36,13.8,Mobile
883,2025-05-04,1029,2013,404,1,0.0,2.0,Catalog
884,2025-05-04,1155,2025,403,1,503.32,8.2,Online
886,2025-05-04,1041,2005,404,1,385.9,4.4,Phone
887,2025-05-04,1176,2061,403,1,359.86,2.9,Mobile
888,2025-05-04,1000,2001,401,0,1649.4,12.7,Catalog
889,2025-05-04,1146,2085,404,1,653.81,6.3,Online
891,2025-05-04,1065,2082,402,3,266.6,4.8,Phone
892,2025-05-04,1075,2033,404,0,2508.75,14.0,Mobile
893,2025-05-04,1025,2022,401,2,1073.89,6.2,Catalog
894,2025-05-04,1092,2086,403,3,894.1,8.2,Online
896,2025-05-04,1002,2017,402,2,0.0,2.0,Phone
897,2025-05-04,1091,2056,403,0,1049.44,7.1,Mobile
898,2025-05-04,1095,2043,402,0,0.0,2.0,Catalog
899,2025-05-04,1102,2051,404,2,93.86,3.0,Online
901,2025-05-04,1166,2021,401,1,0.0,2.0,Phone
902,2025-05-04,1178,2092,401,1,867.98,5.8,Mobile
903,2025-05-04,1026,2053,404,3,1830.45,14.1,Catalog
904,2025-05-04,1046,2078,404,2,454.43,4.7,Online
906,2025-05-04,1124,2014,404,3,0.0,2.0,Phone
907,2025-05-04,1011,2008,403,2,106.54,4.7,Mobile
908,2025-05-04,1003,2090,402,2,57.31,4.9,Catalog
909,2025-05-04,1132,2066,401,3,1548.18,11.1,Online
911,2025-05-04,1088,2084,404,1,0.0,2.0,Phone
912,2025-05-04,1142,2078,401,0,568.04,7.3,Mobile
913,2025-05-04,1164,2020,404,3,1879.15,12.3,Catalog
914,2025-05-04,1042,2009,404,2,53.05,2.0,Online
916,2025-05-04,1129,2028,404,3,2551.76,14.6,Phone
917,2025-05-04,1060,2010,404,3,544.88,5.5,Mobile
918,2025-05-04,1146,2057,401,3,436.98,5.0,Catalog
919,2025-05-04,1114,2040,401,3,34.54,4.5,Online
921,2025-05-04,1103,2052,401,0,2193.78,14.6,Phone
922,2025-05-04,1023,2077,403,1,505.65,6.8,Mobile
923,2025-05-04,1167,2085,404,2,387.44,2.5,Catalog
924,2025-05-04,1093,2006,402,3,594.0,7.4,Online
926,2025-05-04,1183,2057,401,0,873.96,7.4,Phone
927,2025-05-04,1194,2084,402,0,563.7,7.4,Mobile
928,2025-05-04,1087,2045,403,2,499.42,3.8,Catalog
929,2025-05-04,1179,2013,401,1,1683.65,10.5,Online
931,2025-05-04,1065,2078,402,1,127.81,2.0,Phone
932,2025-05-04,1030,2050,402,3,186.78,3.6,Mobile
933,2025-05-04,1005,2024,403,0,621.35,6.5,Catalog
934,2025-05-04,1193,2053,401,0,1830.45,10.7,Online
936,2025-05-04,1127,2000,401,3,969.31,7.0,Phone
937,2025-05-04,1149,2061,402,1,359.86,2.1,Mobile
938,2025-05-04,1187,2016,401,3,2584.16,13.3,Catalog
939,2025-05-04,1168,2076,403,3,2418.21,14.1,Online
942,2025-05-04,1034,2017,404,2,0.0,2.0,Mobile
943,2025-05-04,1179,2070,403,1,61.52,2.9,Catalog
944,2025-05-04,1051,2026,403,2,338.5,3.0,Online
946,2025-05-04,1181,2014,403,3,246.3,4.4,Phone
947,2025-05-04,1149,2073,404,2,799.09,6.0,Mobile
948,2025-05-04,1108,2001,401,0,412.35,5.0,Catalog
949,2025-05-04,1097,2018,401,0,1084.52,6.4,Online
952,2025-05-04,1176,2037,402,0,720.28,8.8,Mobile
953,2025-05-04,1091,2057,401,1,786.56,9.0,Catalog
954,2025-05-04,1190,2082,404,1,239.94,2.8,Online
956,2025-05-04,1097,2049,404,2,0.0,2.0,Phone
957,2025-05-04,1141,2006,401,2,0.0,2.0,Mobile
958,2025-05-04,1051,2079,404,1,1710.97,10.0,Catalog
959,2025-05-04,1162,2090,403,1,257.9,4.2,Online
961,2025-05-04,1114,2022,401,1,3020.31,12.4,Phone
962,2025-05-04,1044,2094,401,3,493.35,4.9,Mobile
963,2025-05-04,1010,2054,403,2,720.41,6.3,Catalog
964,2025-05-04,1033,2020,403,0,751.66,5.5,Online
966,2025-05-04,1039,2041,401,2,0.0,2.0,Phone
967,2025-05-04,1125,2073,403,0,1997.72,12.8,Mobile
968,2025-05-04,1005,2090,403,1,193.43,2.1,Catalog
969,2025-05-04,1047,2066,401,1,464.45,4.8,Online
971,2025-05-04,1089,2028,402,2,0.0,2.0,Phone
972,2025-05-04,1084,2046,403,1,0.0,2.0,Mobile
973,2025-05-04,1192,2079,404,0,950.54,6.2,Catalog
974,2025-05-04,1029,2085,403,3,726.45,7.1,Online
976,2025-05-04,1174,2041,404,0,804.21,7.1,Phone
977,2025-05-04,1098,2032,403,0,0.0,2.0,Mobile
979,2025-05-04,1124,2005,403,1,1157.71,5.7,Online
982,2025-05-04,1053,2085,402,3,726.45,7.8,Mobile
983,2025-05-04,1026,2026,404,0,423.12,3.6,Catalog
984,2025-05-04,1191,2087,402,0,477.96,2.8,Online
986,2025-05-04,1022,2009,401,1,119.36,4.3,Phone
987,2025-05-04,1064,2071,401,1,1107.29,8.4,Mobile
989,2025-05-04,1161,2051,404,2,375.42,2.6,Online
991,2025-05-04,1164,2092,401,0,2893.26,13.4,Phone
992,2025-05-04,1179,2009,403,0,66.31,3.0,Mobile
993,2025-05-04,1074,2087,403,0,477.96,3.9,Catalog
994,2025-05-04,1072,2097,404,3,842.1,6.8,Online
996,2025-05-04,1040,2068,402,1,2952.86,12.9,Phone
997,2025-05-04,1191,2050,403,1,504.31,7.3,Mobile
998,2025-05-04,1076,2086,403,0,2682.3,13.5,Catalog
999,2025-05-04,1141,2071,402,0,1230.32,6.0,Online
1001,2025-05-04,1078,2026,403,1,761.62,8.7,Phone
1002,2025-05-04,1105,2082,402,1,239.94,4.1,Mobile
1003,2025-05-04,1047,2028,403,1,1148.29,5.1,Catalog
1004,2025-05-04,1029,2023,401,3,2818.62,13.3,Online
1006,2025-05-04,1171,2008,403,0,133.18,4.6,Phone
1007,2025-05-04,1050,2092,404,2,771.54,5.6,Mobile
1008,2025-05-04,1091,2016,402,0,1292.08,8.1,Catalog
1009,2025-05-04,1072,2079,401,1,855.49,5.8,Online
1011,2025-05-04,1157,2084,403,1,253.67,4.6,Phone
1012,2025-05-04,1144,2072,403,2,672.48,8.0,Mobile
1013,2025-05-04,1109,2021,401,2,668.33,8.2,Catalog
1014,2025-05-04,1063,2028,404,2,510.35,8.3,Online
1016,2025-05-04,1118,2057,403,2,699.17,7.5,Phone
1017,2025-05-04,1124,2070,401,1,30.76,2.9,Mobile
1018,2025-05-04,1165,2077,401,2,449.46,3.5,Catalog
1019,2025-05-04,1035,2068,402,2,1968.58,10.7,Online
1021,2025-05-04,1004,2064,401,3,882.12,8.6,Phone
1022,2025-05-04,1196,2075,402,0,2341.92,14.6,Mobile
1023,2025-05-04,1141,2033,404,1,0.0,2.0,Catalog
1024,2025-05-04,1093,2050,402,2,448.27,3.7,Online
1026,2025-05-04,1093,2064,401,1,793.91,8.4,Phone
1027,2025-05-04,1157,2087,402,1,286.78,4.7,Mobile
1028,2025-05-04,1114,2020,402,1,676.49,8.8,Catalog
1029,2025-05-04,1188,2093,404,2,1814.26,10.5,Online
1031,2025-05-04,1016,2033,403,1,2257.88,13.6,Phone
1032,2025-05-04,1010,2085,402,2,387.44,4.4,Mobile
1033,2025-05-04,1099,2060,404,0,0.0,2.0,Catalog
1034,2025-05-04,1010,2083,403,0,768.16,5.5,Online
1036,2025-05-04,1148,2069,402,3,697.17,6.9,Phone
1037,2025-05-04,1167,2048,403,0,1072.89,7.8,Mobile
1038,2025-05-04,1132,2032,404,1,851.04,6.7,Catalog
1039,2025-05-04,1132,2051,403,2,187.71,4.1,Online
1041,2025-05-04,1112,2021,402,0,835.41,7.8,Phone
1042,2025-05-04,1131,2082,403,1,239.94,2.3,Mobile
1043,2025-05-04,1038,2023,402,2,0.0,2.0,Catalog
1044,2025-05-04,1154,2091,401,1,3260.84,10.2,Online
1046,2025-05-04,1172,2061,404,1,719.71,6.2,Phone
1047,2025-05-04,1151,2020,404,0,1127.49,7.8,Mobile
1048,2025-05-04,1062,2005,402,1,385.9,3.5,Catalog
1049,2025-05-04,1034,2080,401,1,2996.14,12.5,Online
1051,2025-05-04,1132,2051,401,2,281.57,3.0,Phone
1052,2025-05-04,1021,2027,404,3,775.83,6.8,Mobile
1053,2025-05-04,1123,2021,402,3,0.0,2.0,Catalog
1054,2025-05-04,1153,2018,402,2,867.62,8.9,Online
1056,2025-05-04,1152,2075,401,1,2107.73,11.7,Phone
1057,2025-05-04,1096,2049,402,0,939.84,5.0,Mobile
1058,2025-05-04,1004,2025,404,1,0.0,2.0,Catalog
1059,2025-05-04,1155,2012,402,3,623.19,5.8,Online
1061,2025-05-04,1023,2061,402,0,199.92,2.7,Phone
1062,2025-05-04,1198,2086,404,3,894.1,8.4,Mobile
1063,2025-05-04,1094,2005,404,1,771.8,8.0,Catalog
1066,2025-05-04,1034,2032,404,1,1702.08,11.0,Phone
1067,2025-05-04,1021,2036,404,2,348.77,3.4,Mobile
1069,2025-05-04,1133,2000,404,1,872.38,7.6,Online
1071,2025-05-04,1027,2019,404,2,747.14,8.4,Phone
1072,2025-05-04,1066,2068,404,2,1968.58,13.0,Mobile
1073,2025-05-04,1156,2035,404,1,0.0,2.0,Catalog
1074,2025-05-04,1105,2070,404,1,0.0,2.0,Online
1076,2025-05-04,1078,2073,403,3,499.43,4.1,Phone
1077,2025-05-04,1188,2017,401,1,417.33,4.2,Mobile
1078,2025-05-04,1114,2089,402,0,827.04,6.7,Catalog
1079,2025-05-04,1054,2065,404,2,376.27,5.0,Online
1081,2025-05-04,1099,2081,401,0,1492.44,6.9,Phone
1082,2025-05-04,1037,2060,404,0,1225.14,6.2,Mobile
1083,2025-05-04,1016,2033,402,2,2007.0,13.2,Catalog
1084,2025-05-04,1020,2077,401,3,561.83,5.4,Online
1086,2025-05-04,1198,2022,404,3,671.18,8.9,Phone
1087,2025-05-04,1002,2025,403,1,503.32,6.5,Mobile
1088,2025-05-04,1008,2076,402,1,1450.93,7.4,Catalog
1089,2025-05-04,1172,2004,403,1,834.52,7.9,Online
1091,2025-05-04,1070,2099,404,2,1551.17,12.1,Phone
1092,2025-05-04,1171,2050,404,1,168.1,4.2,Mobile
1093,2025-05-04,1132,2001,401,0,2061.75,10.8,Catalog
1094,2025-05-04,1140,2036,403,2,348.77,2.1,Online
1096,2025-05-04,1103,2073,401,2,0.0,2.0,Phone
1097,2025-05-04,1044,2052,401,0,2193.78,10.7,Mobile
1098,2025-05-04,1128,2037,403,0,0.0,2.0,Catalog
1101,2025-05-04,1193,2043,404,3,2620.35,13.5,Phone
1102,2025-05-04,1150,2003,404,0,1155.54,5.6,Mobile
1103,2025-05-04,1066,2008,404,1,59.93,2.0,Catalog
1104,2025-05-04,1173,2089,402,2,0.0,2.0,Online
1106,2025-05-04,1063,2036,401,3,653.94,7.1,Phone
1107,2025-05-04,1172,2095,403,0,981.58,6.0,Mobile
1108,2025-05-04,1141,2022,404,2,0.0,2.0,Catalog
1109,2025-05-04,1090,2027,403,1,698.25,8.4,Online
1111,2025-05-04,1188,2025,402,1,251.66,3.5,Phone
1112,2025-05-04,1067,2026,402,1,380.81,4.6,Mobile
1113,2025-05-04,1063,2079,403,1,1710.97,13.1,Catalog
1116,2025-05-04,1195,2069,401,3,697.17,9.0,Phone
1117,2025-05-04,1095,2079,403,3,950.54,7.2,Mobile
1118,2025-05-04,1147,2035,404,1,809.99,7.7,Catalog
1119,2025-05-04,1195,2065,403,3,1411.02,7.7,Online
1122,2025-05-04,1128,2044,404,1,373.64,3.0,Mobile
1123,2025-05-04,1117,2015,404,2,1619.93,12.9,Catalog
1124,2025-05-04,1176,2001,401,1,371.12,4.7,Online
1126,2025-05-04,1092,2078,403,1,383.43,5.0,Phone
1127,2025-05-04,1140,2033,402,2,1338.0,6.8,Mobile
1128,2025-05-04,1120,2078,403,2,227.22,2.6,Catalog
1129,2025-05-04,1047,2063,404,1,0.0,2.0,Online
1131,2025-05-04,1102,2035,404,1,1619.98,11.4,Phone
1132,2025-05-04,1146,2016,402,0,0.0,2.0,Mobile
1133,2025-05-04,1184,2034,402,3,680.85,6.3,Catalog
1134,2025-05-04,1097,2025,402,1,1258.29,8.4,Online
1136,2025-05-04,1127,2017,403,3,0.0,2.0,Phone
1138,2025-05-04,1025,2088,402,0,0.0,2.0,Catalog
1139,2025-05-04,1055,2032,404,0,945.6,7.2,Online
1141,2025-05-04,1092,2046,403,2,80.23,2.6,Phone
1142,2025-05-04,1005,2052,401,2,1170.02,8.8,Mobile
1143,2025-05-04,1173,2077,402,1,1516.94,14.8,Catalog
1144,2025-05-04,1199,2036,403,2,871.92,6.9,Online
1146,2025-05-04,1020,2048,403,3,1072.89,7.8,Phone
1147,2025-05-04,1161,2018,402,2,1301.42,8.4,Mobile
1149,2025-05-04,1020,2020,403,1,1014.74,6.6,Online
1151,2025-05-04,1154,2082,404,2,639.84,7.9,Phone
1152,2025-05-04,1113,2099,403,3,646.32,7.5,Mobile
1153,2025-05-04,1105,2021,402,0,835.41,8.2,Catalog
1154,2025-05-04,1032,2093,402,2,2419.01,10.6,Online
1156,2025-05-04,1042,2050,401,0,1120.68,8.3,Phone
1157,2025-05-04,1016,2060,401,0,816.76,6.9,Mobile
1158,2025-05-04,1197,2050,401,0,560.34,6.2,Catalog
1159,2025-05-04,1067,2079,402,0,1901.08,11.9,Online
1161,2025-05-04,1063,2094,403,3,493.35,4.2,Phone
1162,2025-05-04,1160,2016,402,1,1162.87,7.0,Mobile
1163,2025-05-04,1007,2004,403,2,2225.4,13.4,Catalog
1164,2025-05-04,1121,2059,403,3,2048.2,12.4,Online
1166,2025-05-04,1161,2095,404,2,392.63,4.2,Phone
1167,2025-05-04,1088,2061,402,0,799.68,5.5,Mobile
1168,2025-05-04,1113,2039,403,3,976.44,7.7,Catalog
1169,2025-05-04,1066,2019,403,0,933.93,8.1,Online
1171,2025-05-04,1073,2060,401,3,0.0,2.0,Phone
1172,2025-05-04,1193,2061,403,0,199.92,4.1,Mobile
1173,2025-05-04,1196,2055,403,1,194.18,3.4,Catalog
1174,2025-05-04,1001,2070,403,1,61.52,2.3,Online
1176,2025-05-04,1063,2020,404,3,375.83,5.0,Phone
1177,2025-05-04,1056,2033,401,3,836.25,7.0,Mobile
1178,2025-05-04,1160,2030,403,2,271.95,2.8,Catalog
1179,2025-05-04,1166,2095,403,3,1472.37,7.4,Online
1181,2025-05-04,1074,2014,404,3,738.9,7.5,Phone
1182,2025-05-04,1069,2089,404,1,372.17,4.8,Mobile
1183,2025-05-04,1082,2002,402,0,1732.0,11.8,Catalog
1184,2025-05-04,1136,2002,402,0,1732.0,13.3,Online
1186,2025-05-04,1186,2001,402,0,824.7,8.2,Phone
1187,2025-05-04,1038,2001,404,1,0.0,2.0,Mobile
1188,2025-05-04,1087,2053,403,3,2440.6,13.1,Catalog
1189,2025-05-04,1095,2059,401,2,1638.56,10.8,Online
1191,2025-05-04,1068,2099,404,0,1938.96,10.6,Phone
1192,2025-05-04,1139,2060,402,1,1102.63,7.1,Mobile
1193,2025-05-04,1064,2048,401,0,715.26,6.3,Catalog
1194,2025-05-04,1196,2091,402,3,0.0,2.0,Online
1196,2025-05-04,1050,2058,401,1,1800.22,12.0,Phone
1197,2025-05-04,1121,2049,403,2,751.87,7.1,Mobile
1198,2025-05-04,1040,2080,401,0,1664.52,12.6,Catalog
1199,2025-05-04,1064,2061,403,1,179.93,2.0,Online
1201,2025-05-04,1060,2081,404,2,1193.95,7.8,Phone
1202,2025-05-04,1003,2021,403,0,2506.23,11.5,Mobile
1203,2025-05-04,1101,2031,401,0,1130.6,9.0,Catalog
1204,2025-05-04,1148,2088,404,1,0.0,2.0,Online
1206,2025-05-04,1040,2063,401,2,883.94,8.6,Phone
1207,2025-05-04,1194,2080,401,0,1664.52,11.6,Mobile
1208,2025-05-04,1091,2082,402,0,0.0,2.0,Catalog
1209,2025-05-04,1032,2062,402,2,1981.95,11.2,Online
1211,2025-05-04,1187,2024,401,3,372.81,2.4,Phone
1212,2025-05-04,1091,2092,402,2,385.77,2.2,Mobile
1213,2025-05-04,1010,2062,404,2,990.98,8.5,Catalog
1214,2025-05-04,1138,2089,404,1,744.34,6.8,Online
1216,2025-05-04,1187,2059,403,1,1843.38,13.8,Phone
1217,2025-05-04,1017,2067,402,3,0.0,2.0,Mobile
1218,2025-05-04,1075,2033,403,3,836.25,7.2,Catalog
1219,2025-05-04,1000,2099,404,1,2326.75,14.2,Online
1221,2025-05-04,1082,2092,401,3,0.0,2.0,Phone
1222,2025-05-04,1048,2067,404,1,785.56,7.2,Mobile
1223,2025-05-04,1156,2036,403,3,0.0,2.0,Catalog
1224,2025-05-04,1164,2041,401,0,804.21,6.2,Online
1226,2025-05-04,1033,2022,401,1,604.06,7.5,Phone
1227,2025-05-04,1027,2062,402,0,1238.72,7.5,Mobile
1228,2025-05-04,1008,2073,404,3,1498.29,8.8,Catalog
1229,2025-05-04,1134,2079,403,0,950.54,7.2,Online
1231,2025-05-04,1053,2083,404,0,2304.48,11.7,Phone
1232,2025-05-04,1119,2081,401,2,0.0,2.0,Mobile
1233,2025-05-04,1142,2095,404,2,1177.9,6.6,Catalog
1234,2025-05-04,1181,2007,403,0,583.39,6.1,Online
1236,2025-05-04,1055,2066,401,0,2580.3,12.4,Phone
1237,2025-05-04,1185,2029,404,1,12.16,4.2,Mobile
1238,2025-05-04,1049,2067,402,1,261.86,2.3,Catalog
1239,2025-05-04,1142,2095,404,0,1963.16,11.5,Online
1241,2025-05-04,1179,2085,404,0,242.15,2.2,Phone
1242,2025-05-04,1042,2023,404,2,2254.9,14.1,Mobile
1243,2025-05-04,1168,2020,404,2,601.33,6.7,Catalog
1244,2025-05-04,1080,2070,403,2,0.0,2.0,Online
1246,2025-05-04,1155,2030,402,3,509.91,6.8,Phone
1247,2025-05-04,1196,2070,403,2,27.34,3.4,Mobile
1248,2025-05-04,1115,2057,404,0,1747.92,14.8,Catalog
1249,2025-05-04,1185,2004,403,0,2781.75,13.1,Online
1251,2025-05-04,1076,2028,402,2,1020.7,6.1,Phone
1252,2025-05-04,1005,2098,403,1,3268.3,11.2,Mobile
1253,2025-05-04,1024,2004,404,2,1483.6,8.8,Catalog
1254,2025-05-04,1039,2017,403,2,370.96,4.5,Online
1256,2025-05-04,1076,2011,404,1,737.53,8.4,Phone
1257,2025-05-04,1187,2009,403,3,198.93,3.5,Mobile
1258,2025-05-04,1044,2062,401,2,495.49,2.8,Catalog
1259,2025-05-04,1009,2093,404,0,0.0,2.0,Online
1261,2025-05-04,1111,2053,401,1,3294.81,10.0,Phone
1262,2025-05-04,1191,2083,401,3,768.16,7.6,Mobile
1263,2025-05-04,1013,2039,401,2,1562.3,12.9,Catalog
1264,2025-05-04,1138,2072,402,2,672.48,8.0,Online
1266,2025-05-04,1012,2086,404,3,2682.3,11.0,Phone
1267,2025-05-04,1192,2076,401,1,1450.93,6.7,Mobile
1268,2025-05-04,1110,2037,404,1,324.13,2.2,Catalog
1271,2025-05-04,1067,2010,404,3,0.0,2.0,Phone
1272,2025-05-04,1198,2089,402,1,744.34,5.7,Mobile
1273,2025-05-04,1123,2071,402,3,1845.48,12.5,Catalog
1274,2025-05-04,1101,2083,402,1,2074.03,10.0,Online
1276,2025-05-04,1082,2087,401,0,318.64,4.9,Phone
1277,2025-05-04,1171,2052,404,2,0.0,2.0,Mobile
1278,2025-05-04,1089,2024,403,2,298.25,2.2,Catalog
1279,2025-05-04,1152,2083,401,2,1843.58,10.4,Online
1281,2025-05-04,1112,2005,402,1,0.0,2.0,Phone
1282,2025-05-04,1175,2047,402,0,1004.94,5.1,Mobile
1283,2025-05-04,1028,2094,401,1,888.03,8.5,Catalog
1284,2025-05-04,1158,2018,403,0,2169.04,11.3,Online
1286,2025-05-04,1115,2060,401,2,980.11,5.2,Phone
1287,2025-05-04,1053,2094,402,1,888.03,5.9,Mobile
1288,2025-05-04,1139,2066,403,3,2580.3,11.1,Catalog
1289,2025-05-04,1159,2093,402,0,0.0,2.0,Online
1291,2025-05-04,1043,2007,403,1,525.05,6.1,Phone
1292,2025-05-04,1178,2079,403,0,950.54,5.6,Mobile
1293,2025-05-04,1119,2083,401,0,768.16,7.0,Catalog
1294,2025-05-04,1099,2084,403,2,0.0,2.0,Online
1296,2025-05-04,1059,2048,401,2,572.21,7.3,Phone
1297,2025-05-04,1124,2076,401,1,2176.39,13.7,Mobile
1298,2025-05-04,1050,2064,404,0,1470.2,7.4,Catalog
1299,2025-05-04,1010,2031,403,2,1356.72,7.6,Online
1301,2025-05-04,1088,2087,403,2,509.82,6.0,Phone
1302,2025-05-04,1160,2038,402,2,2223.62,13.7,Mobile
1303,2025-05-04,1015,2080,403,3,2496.78,13.4,Catalog
1304,2025-05-04,1007,2071,403,1,553.64,8.5,Online
1306,2025-05-04,1022,2093,404,1,2721.38,10.5,Phone
1307,2025-05-04,1106,2030,402,3,1019.82,8.6,Mobile
1308,2025-05-04,1079,2077,403,3,561.83,9.0,Catalog
1309,2025-05-04,1138,2016,402,1,872.15,5.3,Online
1311,2025-05-04,1079,2088,402,3,709.35,8.8,Phone
1312,2025-05-04,1197,2018,402,2,867.62,7.0,Mobile
1313,2025-05-04,1017,2071,401,1,553.64,5.7,Catalog
1314,2025-05-04,1081,2018,401,2,867.62,5.0,Online
1316,2025-05-04,1190,2081,403,1,0.0,2.0,Phone
1317,2025-05-04,1199,2024,401,1,223.69,4.4,Mobile
1318,2025-05-04,1047,2003,403,1,346.66,3.2,Catalog
1319,2025-05-04,1152,2029,402,0,27.02,4.0,Online
1321,2025-05-04,1128,2077,404,2,0.0,2.0,Phone
1322,2025-05-04,1047,2049,404,3,0.0,2.0,Mobile
1323,2025-05-04,1035,2020,402,1,676.49,8.2,Catalog
1324,2025-05-04,1008,2052,401,2,585.01,7.1,Online
1326,2025-05-04,1016,2022,404,3,2684.72,10.3,Phone
1327,2025-05-04,1176,2041,404,1,1447.58,8.5,Mobile
1328,2025-05-04,1109,2051,401,3,469.28,3.2,Catalog
1329,2025-05-04,1184,2040,404,0,103.62,4.6,Online
1331,2025-05-04,1010,2031,404,0,1130.6,5.2,Phone
1332,2025-05-04,1142,2049,401,1,0.0,2.0,Mobile
1333,2025-05-04,1074,2056,404,2,839.55,6.8,Catalog
1334,2025-05-04,1198,2036,404,1,392.36,5.0,Online
1336,2025-05-04,1118,2082,404,0,799.8,8.7,Phone
1337,2025-05-04,1184,2064,401,1,264.64,4.5,Mobile
1338,2025-05-04,1199,2074,402,3,1978.5,10.2,Catalog
1339,2025-05-04,1105,2041,404,0,0.0,2.0,Online
1341,2025-05-04,1023,2032,403,1,1702.08,13.3,Phone
1342,2025-05-04,1183,2093,401,0,2267.82,13.7,Mobile
1343,2025-05-04,1029,2090,404,2,57.31,4.7,Catalog
1344,2025-05-04,1021,2067,404,1,261.86,2.4,Online
1346,2025-05-04,1196,2021,403,1,751.87,8.9,Phone
1347,2025-05-04,1041,2018,402,0,1084.52,6.6,Mobile
1348,2025-05-04,1107,2039,403,3,0.0,2.0,Catalog
1349,2025-05-04,1073,2080,402,0,3329.04,11.1,Online
1351,2025-05-04,1003,2058,404,3,2000.25,14.7,Phone
1352,2025-05-04,1139,2000,404,1,1744.76,12.3,Mobile
1353,2025-05-04,1055,2075,404,3,3122.56,12.6,Catalog
1354,2025-05-04,1104,2056,401,0,1574.16,14.9,Online
1356,2025-05-04,1012,2023,402,0,2818.62,13.5,Phone
1357,2025-05-04,1167,2044,401,1,560.47,8.6,Mobile
1358,2025-05-04,1008,2085,403,2,0.0,2.0,Catalog
1359,2025-05-04,1022,2006,401,3,990.0,5.3,Online
1361,2025-05-04,1116,2095,403,0,981.58,5.3,Phone
1362,2025-05-04,1023,2098,403,2,1452.58,7.3,Mobile
1363,2025-05-04,1094,2048,401,3,1072.89,8.1,Catalog
1364,2025-05-04,1140,2008,403,3,0.0,2.0,Online
1366,2025-05-04,1134,2052,402,1,1316.27,7.7,Phone
1367,2025-05-04,1156,2007,401,0,1750.17,10.2,Mobile
1368,2025-05-04,1123,2092,403,3,0.0,2.0,Catalog
1369,2025-05-04,1155,2040,403,2,27.63,2.6,Online
1371,2025-05-04,1126,2023,402,2,2254.9,14.6,Phone
1373,2025-05-04,1119,2080,401,1,0.0,2.0,Catalog
1374,2025-05-04,1157,2053,404,0,1830.45,11.7,Online
1376,2025-05-04,1163,2025,403,2,447.39,4.9,Phone
1378,2025-05-04,1196,2000,401,2,0.0,2.0,Catalog
1379,2025-05-04,1087,2050,401,1,168.1,4.9,Online
1382,2025-05-04,1039,2080,404,2,665.81,6.0,Mobile
1383,2025-05-04,1118,2052,401,2,0.0,2.0,Catalog
1384,2025-05-04,1144,2092,403,0,1446.63,7.7,Online
1386,2025-05-04,1016,2019,403,0,0.0,2.0,Phone
1387,2025-05-04,1086,2048,402,3,1072.89,8.9,Mobile
1388,2025-05-04,1047,2076,401,2,0.0,2.0,Catalog
1389,2025-05-04,1180,2040,401,2,110.53,4.7,Online
1391,2025-05-04,1095,2057,403,1,786.56,5.5,Phone
1392,2025-05-04,1134,2038,402,0,926.51,7.1,Mobile
1393,2025-05-04,1095,2004,402,0,0.0,2.0,Catalog
1394,2025-05-04,1113,2064,401,3,294.04,4.4,Online
1396,2025-05-04,1123,2093,403,2,3023.76,11.3,Phone
1397,2025-05-04,1036,2098,401,1,817.07,8.6,Mobile
1398,2025-05-04,1052,2092,401,3,1928.84,10.7,Catalog
1399,2025-05-04,1099,2091,401,0,905.79,7.0,Online
1401,2025-05-04,1119,2005,401,2,686.05,5.5,Phone
1402,2025-05-04,1005,2073,403,1,0.0,2.0,Mobile
1403,2025-05-04,1082,2025,402,2,223.7,3.8,Catalog
1404,2025-05-04,1070,2068,403,3,2460.72,14.5,Online
1406,2025-05-04,1040,2035,401,0,899.99,8.4,Phone
1407,2025-05-04,1159,2071,401,1,1660.93,14.6,Mobile
1408,2025-05-04,1138,2044,403,2,0.0,2.0,Catalog
1409,2025-05-04,1036,2090,403,1,0.0,2.0,Online
1411,2025-05-04,1138,2056,401,1,944.5,5.4,Phone
1412,2025-05-04,1007,2060,401,0,816.76,8.9,Mobile
1413,2025-05-04,1098,2006,401,3,990.0,8.3,Catalog
1414,2025-05-04,1100,2022,404,2,1610.83,12.7,Online
1416,2025-05-04,1193,2097,404,1,2273.67,14.7,Phone
1417,2025-05-04,1023,2089,404,0,413.52,3.4,Mobile
1419,2025-05-04,1059,2028,402,2,1531.06,14.6,Online
1421,2025-05-04,1083,2058,404,0,2000.25,14.6,Phone
1422,2025-05-04,1016,2060,401,2,653.41,6.2,Mobile
1423,2025-05-04,1122,2059,402,2,1228.92,6.0,Catalog
1424,2025-05-04,1196,2044,402,0,207.58,2.0,Online
1426,2025-05-04,1142,2083,401,2,1229.06,7.6,Phone
1427,2025-05-04,1136,2059,404,3,2560.25,13.2,Mobile
1428,2025-05-04,1061,2079,402,1,2566.46,12.3,Catalog
1429,2025-05-04,1123,2049,401,2,751.87,7.9,Online
1431,2025-05-04,1145,2043,402,1,1572.21,13.1,Phone
1432,2025-05-04,1169,2085,401,3,1210.75,7.1,Mobile
1433,2025-05-04,1029,2075,404,2,1249.02,5.6,Catalog
1434,2025-05-04,1142,2012,404,1,1682.61,14.8,Online
1436,2025-05-04,1175,2076,404,2,1289.71,8.7,Phone
1437,2025-05-04,1126,2082,401,0,1066.4,5.9,Mobile
1438,2025-05-04,1055,2017,401,1,1669.32,14.1,Catalog
1439,2025-05-04,1169,2019,404,2,747.14,5.0,Online
1441,2025-05-04,1052,2087,403,2,0.0,2.0,Phone
1442,2025-05-04,1145,2086,403,3,2682.3,14.8,Mobile
1443,2025-05-04,1183,2044,401,0,1037.9,8.1,Catalog
1444,2025-05-04,1156,2065,404,1,423.31,2.0,Online
1446,2025-05-04,1000,2090,403,0,143.28,2.5,Phone
1447,2025-05-04,1072,2003,402,3,0.0,2.0,Mobile
1448,2025-05-04,1179,2075,404,2,1873.54,12.3,Catalog
1449,2025-05-04,1182,2048,404,3,357.63,3.6,Online
1451,2025-05-04,1121,2017,402,3,2782.2,10.5,Phone
1452,2025-05-04,1092,2053,402,2,1464.36,6.2,Mobile
1453,2025-05-04,1171,2016,402,0,646.04,7.7,Catalog
1454,2025-05-04,1018,2082,401,1,0.0,2.0,Online
1456,2025-05-04,1021,2017,404,3,463.7,3.7,Phone
1457,2025-05-04,1178,2077,404,1,505.65,6.0,Mobile
1458,2025-05-04,1116,2065,404,3,470.34,5.0,Catalog
1459,2025-05-04,1098,2045,402,1,280.93,5.0,Online
1461,2025-05-04,1187,2030,403,3,509.91,8.2,Phone
1462,2025-05-04,1139,2073,403,0,499.43,2.7,Mobile
1463,2025-05-04,1009,2072,404,2,0.0,2.0,Catalog
1464,2025-05-04,1028,2074,404,0,3297.5,10.8,Online
1466,2025-05-04,1132,2010,401,1,0.0,2.0,Phone
1467,2025-05-04,1120,2080,401,2,665.81,7.6,Mobile
1468,2025-05-04,1156,2006,403,0,198.0,4.2,Catalog
1469,2025-05-04,1120,2058,404,2,1600.2,12.9,Online
1471,2025-05-04,1042,2004,403,2,0.0,2.0,Phone
1472,2025-05-04,1015,2080,404,1,749.03,5.3,Mobile
1473,2025-05-04,1146,2006,403,0,792.0,8.5,Catalog
1474,2025-05-04,1073,2062,401,1,1114.85,9.0,Online
1476,2025-05-04,1033,2078,403,2,340.82,3.4,Phone
1477,2025-05-04,1065,2001,401,1,371.12,3.8,Mobile
1478,2025-05-04,1151,2094,402,3,493.35,4.1,Catalog
1479,2025-05-04,1094,2022,403,1,0.0,2.0,Online
1481,2025-05-04,1021,2018,402,3,542.26,5.0,Phone
1482,2025-05-04,1192,2052,404,1,0.0,2.0,Mobile
1483,2025-05-04,1169,2056,402,1,944.5,7.6,Catalog
1484,2025-05-04,1147,2093,403,0,2267.82,12.5,Online
1486,2025-05-04,1042,2059,404,3,3072.3,13.8,Phone
1487,2025-05-04,1077,2060,402,3,1633.52,13.4,Mobile
1488,2025-05-04,1174,2090,404,3,286.56,4.7,Catalog
1489,2025-05-04,1067,2018,404,0,2169.04,11.3,Online
1491,2025-05-04,1135,2087,401,0,318.64,4.5,Phone
1492,2025-05-04,1136,2081,403,3,2238.66,13.0,Mobile
1493,2025-05-04,1156,2083,403,2,1229.06,6.0,Catalog
1494,2025-05-04,1069,2034,401,2,217.87,4.8,Online
1496,2025-05-04,1197,2086,402,1,2414.07,13.0,Phone
1497,2025-05-04,1133,2043,402,2,1397.52,8.6,Mobile
1498,2025-05-04,1140,2001,401,0,1237.05,7.8,Catalog
1499,2025-05-04,1003,2052,401,0,731.26,8.0,Online
1501,2025-05-04,1185,2036,403,1,980.91,8.9,Phone
1502,2025-05-04,1008,2003,401,0,0.0,2.0,Mobile
1503,2025-05-04,1152,2084,402,0,281.85,4.3,Catalog
1504,2025-05-04,1181,2015,401,1,1214.95,5.7,Online
1506,2025-05-04,1178,2023,403,2,1503.26,11.8,Phone
1507,2025-05-04,1119,2084,401,3,0.0,2.0,Mobile
1508,2025-05-04,1070,2098,404,2,1452.58,8.6,Catalog
1509,2025-05-04,1065,2020,401,2,300.66,2.0,Online
1511,2025-05-04,1085,2007,403,2,933.42,5.6,Phone
1512,2025-05-04,1045,2056,401,3,3148.32,12.8,Mobile
1513,2025-05-04,1051,2078,404,1,383.43,4.7,Catalog
1514,2025-05-04,1165,2062,401,1,557.42,5.1,Online
1516,2025-05-04,1157,2082,401,3,1066.4,8.7,Phone
1517,2025-05-04,1183,2033,401,0,0.0,2.0,Mobile
1518,2025-05-04,1018,2009,403,3,0.0,2.0,Catalog
1519,2025-05-04,1004,2063,402,0,552.46,7.1,Online
1521,2025-05-04,1038,2089,403,3,1240.56,6.3,Phone
1523,2025-05-04,1111,2051,401,1,211.18,2.4,Catalog
1526,2025-05-04,1174,2038,404,0,1853.02,10.3,Phone
1527,2025-05-04,1161,2082,401,2,213.28,4.9,Mobile
1529,2025-05-04,1194,2098,403,1,2451.22,10.5,Online
1531,2025-05-04,1169,2024,403,3,621.35,8.3,Phone
1532,2025-05-04,1027,2080,403,3,2496.78,13.3,Mobile
1533,2025-05-04,1021,2080,404,1,2247.1,14.0,Catalog
1534,2025-05-04,1035,2004,402,0,1854.5,13.0,Online
1536,2025-05-04,1099,2008,403,3,66.59,2.6,Phone
1537,2025-05-04,1136,2057,401,0,1310.94,7.0,Mobile
1538,2025-05-04,1086,2007,403,0,1750.17,14.4,Catalog
1539,2025-05-04,1103,2015,402,3,2024.91,14.2,Online
1541,2025-05-04,1018,2004,402,3,927.25,8.0,Phone
1542,2025-05-04,1167,2002,404,0,866.0,7.4,Mobile
1543,2025-05-04,1062,2089,402,0,2067.6,10.0,Catalog
1544,2025-05-04,1044,2080,401,2,665.81,7.0,Online
1546,2025-05-04,1027,2014,404,1,443.34,2.9,Phone
1547,2025-05-04,1016,2025,404,2,671.09,9.0,Mobile
1548,2025-05-04,1188,2086,404,2,2861.12,10.4,Catalog
1549,2025-05-04,1030,2087,402,2,382.37,4.0,Online
1551,2025-05-04,1085,2008,401,2,106.54,3.6,Phone
1552,2025-05-04,1036,2096,404,1,1814.89,14.6,Mobile
1553,2025-05-04,1178,2047,402,3,1004.94,6.1,Catalog
1554,2025-05-04,1062,2074,401,1,1187.1,5.9,Online
1556,2025-05-04,1004,2062,401,0,2477.44,12.6,Phone
1557,2025-05-04,1001,2022,401,2,536.94,6.7,Mobile
1558,2025-05-04,1106,2088,404,1,1276.83,7.3,Catalog
1559,2025-05-04,1052,2018,403,3,2169.04,11.8,Online
1561,2025-05-04,1152,2023,404,0,1879.08,10.0,Phone
1562,2025-05-04,1160,2038,403,3,0.0,2.0,Mobile
1563,2025-05-04,1001,2071,402,1,1660.93,13.8,Catalog
1564,2025-05-04,1030,2067,401,2,465.52,2.2,Online
1566,2025-05-04,1197,2080,402,2,1331.62,7.5,Phone
1567,2025-05-04,1013,2024,401,1,335.53,3.2,Mobile
1568,2025-05-04,1175,2060,404,1,735.08,7.6,Catalog
1569,2025-05-04,1040,2085,401,0,484.3,4.4,Online
1572,2025-05-04,1011,2013,401,1,1683.65,12.3,Mobile
1573,2025-05-04,1040,2003,404,0,385.18,2.9,Catalog
1574,2025-05-04,1018,2030,404,2,135.98,4.5,Online
1576,2025-05-04,1199,2014,403,1,0.0,2.0,Phone
1577,2025-05-04,1025,2030,404,1,0.0,2.0,Mobile
1578,2025-05-04,1096,2028,401,3,2551.76,13.5,Catalog
1579,2025-05-04,1149,2062,401,3,1858.08,12.4,Online
1581,2025-05-04,1099,2047,402,3,0.0,2.0,Phone
1582,2025-05-04,1184,2024,403,2,198.83,4.6,Mobile
1583,2025-05-04,1051,2042,402,0,167.61,4.8,Catalog
1584,2025-05-04,1177,2072,401,2,672.48,5.2,Online
1586,2025-05-04,1107,2021,403,1,751.87,6.5,Phone
1587,2025-05-04,1075,2077,402,1,2528.24,13.9,Mobile
1588,2025-05-04,1147,2070,402,0,34.18,4.6,Catalog
1589,2025-05-04,1105,2066,404,1,928.91,8.8,Online
1591,2025-05-04,1003,2093,404,1,680.35,6.4,Phone
1592,2025-05-04,1063,2041,404,1,2171.37,12.1,Mobile
1593,2025-05-04,1151,2019,401,3,933.93,8.5,Catalog
1594,2025-05-04,1011,2005,404,0,428.78,4.5,Online
1596,2025-05-04,1178,2012,404,3,623.19,8.1,Phone
1597,2025-05-04,1061,2010,401,3,389.2,2.7,Mobile
1598,2025-05-04,1055,2016,403,2,0.0,2.0,Catalog
1599,2025-05-04,1061,2082,401,0,266.6,2.1,Online
1601,2025-05-04,1180,2058,401,3,666.75,8.5,Phone
1602,2025-05-04,1118,2098,402,3,907.86,5.4,Mobile
1603,2025-05-04,1047,2047,404,0,334.98,2.3,Catalog
1604,2025-05-04,1160,2009,404,2,0.0,2.0,Online
1606,2025-05-04,1192,2034,402,0,0.0,2.0,Phone
1607,2025-05-04,1158,2042,401,2,402.26,4.0,Mobile
1608,2025-05-04,1013,2014,404,2,197.04,4.0,Catalog
1611,2025-05-04,1035,2042,402,0,335.22,4.2,Phone
1612,2025-05-04,1166,2061,402,1,179.93,2.7,Mobile
1613,2025-05-04,1082,2045,403,3,312.14,4.4,Catalog
1614,2025-05-04,1070,2006,401,2,633.6,6.3,Online
1616,2025-05-04,1120,2090,403,3,214.92,4.5,Phone
1617,2025-05-04,1158,2047,401,1,904.45,6.2,Mobile
1618,2025-05-04,1117,2011,401,3,0.0,2.0,Catalog
1619,2025-05-04,1045,2036,401,0,217.98,2.2,Online
1621,2025-05-04,1127,2019,402,0,933.93,6.5,Phone
1622,2025-05-04,1075,2053,402,3,2440.6,13.4,Mobile
1623,2025-05-04,1088,2053,404,0,610.15,8.7,Catalog
1624,2025-05-04,1074,2024,401,0,248.54,2.9,Online
1626,2025-05-04,1148,2043,403,3,873.45,5.7,Phone
1627,2025-05-04,1151,2085,404,3,726.45,5.7,Mobile
1628,2025-05-04,1077,2072,402,2,1008.72,6.2,Catalog
1629,2025-05-04,1043,2033,402,3,836.25,8.1,Online
1631,2025-05-04,1090,2036,404,1,588.55,5.3,Phone
1632,2025-05-04,1158,2020,403,1,676.49,5.8,Mobile
1633,2025-05-04,1044,2090,402,1,0.0,2.0,Catalog
1634,2025-05-04,1060,2014,401,2,591.12,5.9,Online
1636,2025-05-04,1094,2023,402,0,1879.08,14.4,Phone
1637,2025-05-04,1170,2040,403,1,0.0,2.0,Mobile
1638,2025-05-04,1095,2057,402,2,349.58,4.7,Catalog
1639,2025-05-04,1031,2003,404,3,0.0,2.0,Online
1641,2025-05-04,1039,2000,403,2,775.45,6.4,Phone
1642,2025-05-04,1121,2037,402,3,1080.42,8.0,Mobile
1643,2025-05-04,1086,2088,401,3,2837.4,10.4,Catalog
1644,2025-05-04,1010,2017,401,2,1112.88,5.2,Online
1646,2025-05-04,1091,2011,403,0,819.48,5.2,Phone
1647,2025-05-04,1155,2082,402,1,959.76,9.0,Mobile
1648,2025-05-04,1005,2098,403,1,817.07,6.4,Catalog
1649,2025-05-04,1005,2010,404,0,233.52,3.3,Online
1651,2025-05-04,1081,2077,401,2,1797.86,10.8,Phone
1652,2025-05-04,1101,2018,404,2,867.62,6.9,Mobile
1653,2025-05-04,1098,2047,401,2,1071.94,7.7,Catalog
1654,2025-05-04,1088,2044,403,3,830.32,8.1,Online
1656,2025-05-04,1189,2053,404,2,1464.36,5.3,Phone
1657,2025-05-04,1041,2093,404,3,2267.82,12.5,Mobile
1658,2025-05-04,1035,2075,401,1,1405.15,6.8,Catalog
1659,2025-05-04,1053,2038,404,2,2964.83,10.3,Online
1661,2025-05-04,1001,2052,403,3,731.26,7.2,Phone
1662,2025-05-04,1044,2071,404,1,553.64,8.4,Mobile
1663,2025-05-04,1051,2023,404,2,0.0,2.0,Catalog
1664,2025-05-04,1141,2062,401,2,1486.46,5.2,Online
1666,2025-05-04,1057,2003,401,1,2079.97,10.0,Phone
1667,2025-05-04,1067,2038,404,0,926.51,6.4,Mobile
1668,2025-05-04,1167,2085,403,3,242.15,3.5,Catalog
1669,2025-05-04,1045,2062,402,0,1858.08,10.5,Online
1671,2025-05-04,1017,2076,403,3,0.0,2.0,Phone
1672,2025-05-04,1144,2055,403,3,161.82,4.7,Mobile
1673,2025-05-04,1177,2015,403,0,674.97,6.5,Catalog
1674,2025-05-04,1066,2020,401,1,1014.74,8.6,Online
1676,2025-05-04,1041,2006,403,2,475.2,3.7,Phone
1678,2025-05-04,1074,2037,401,1,0.0,2.0,Catalog
1679,2025-05-04,1196,2080,402,0,832.26,7.7,Online
1681,2025-05-04,1080,2087,403,2,127.46,3.7,Phone
1682,2025-05-04,1175,2089,403,0,2067.6,13.0,Mobile
1683,2025-05-04,1136,2074,403,1,593.55,7.6,Catalog
1684,2025-05-04,1003,2017,403,2,1112.88,6.0,Online
1686,2025-05-04,1041,2013,402,1,1683.65,14.0,Phone
1687,2025-05-04,1128,2028,402,0,0.0,2.0,Mobile
1688,2025-05-04,1106,2058,401,0,1333.5,8.8,Catalog
1689,2025-05-04,1033,2002,404,2,1385.6,7.2,Online
1691,2025-05-04,1113,2076,403,1,0.0,2.0,Phone
1692,2025-05-04,1181,2038,401,0,2779.53,11.6,Mobile
1693,2025-05-04,1056,2016,402,1,872.15,8.4,Catalog
1694,2025-05-04,1078,2016,402,1,872.15,8.8,Online
1696,2025-05-04,1004,2099,404,3,0.0,2.0,Phone
1697,2025-05-04,1010,2025,401,0,559.24,7.5,Mobile
1698,2025-05-04,1168,2065,401,3,1411.02,7.6,Catalog
1699,2025-05-04,1030,2032,401,0,945.6,7.1,Online
1701,2025-05-04,1005,2015,402,1,0.0,2.0,Phone
1702,2025-05-04,1047,2085,403,0,242.15,2.3,Mobile
1703,2025-05-04,1023,2018,403,2,0.0,2.0,Catalog
1704,2025-05-04,1090,2020,402,0,751.66,5.1,Online
1706,2025-05-04,1183,2024,403,1,335.53,4.4,Phone
1707,2025-05-04,1193,2068,401,0,820.24,9.0,Mobile
1708,2025-05-04,1054,2064,404,2,235.23,3.5,Catalog
1711,2025-05-04,1097,2054,402,1,810.46,5.8,Phone
1712,2025-05-04,1104,2014,403,0,246.3,3.6,Mobile
1713,2025-05-04,1119,2014,402,3,1231.5,8.9,Catalog
1714,2025-05-04,1195,2046,403,0,100.29,3.4,Online
1716,2025-05-04,1098,2036,404,2,0.0,2.0,Phone
1717,2025-05-04,1175,2056,402,3,2098.88,10.7,Mobile
1718,2025-05-04,1074,2054,402,0,2701.53,14.4,Catalog
1719,2025-05-04,1121,2086,403,1,3218.76,15.0,Online
1721,2025-05-04,1101,2056,401,0,524.72,5.9,Phone
1722,2025-05-04,1036,2050,404,0,747.12,8.8,Mobile
1723,2025-05-04,1189,2021,401,2,1336.66,5.2,Catalog
1724,2025-05-04,1050,2043,402,3,873.45,7.4,Online
1726,2025-05-04,1071,2097,403,3,2526.3,10.2,Phone
1727,2025-05-04,1091,2060,404,3,1225.14,6.8,Mobile
1728,2025-05-04,1130,2035,402,3,899.99,5.8,Catalog
1729,2025-05-04,1027,2015,403,3,0.0,2.0,Online
1731,2025-05-04,1025,2094,401,0,1973.4,10.6,Phone
1733,2025-05-04,1097,2077,403,1,2022.59,10.2,Catalog
1734,2025-05-04,1077,2079,401,0,1901.08,12.1,Online
1736,2025-05-04,1051,2037,404,3,1800.7,11.8,Phone
1737,2025-05-04,1129,2033,403,0,1672.5,11.4,Mobile
1738,2025-05-04,1195,2004,404,0,2781.75,12.0,Catalog
1739,2025-05-04,1098,2057,403,3,1310.94,6.9,Online
1741,2025-05-04,1045,2071,403,1,0.0,2.0,Phone
1742,2025-05-04,1125,2055,402,2,86.3,3.5,Mobile
1743,2025-05-04,1183,2049,404,0,1879.68,13.5,Catalog
1744,2025-05-04,1145,2086,404,3,2682.3,12.0,Online
1746,2025-05-04,1100,2033,404,3,2508.75,10.9,Phone
1747,2025-05-04,1157,2086,403,2,1430.56,8.4,Mobile
1748,2025-05-04,1082,2007,401,0,1750.17,13.1,Catalog
1749,2025-05-04,1032,2046,403,0,167.15,4.2,Online
1751,2025-05-04,1024,2054,403,2,0.0,2.0,Phone
1752,2025-05-04,1105,2044,401,1,373.64,2.2,Mobile
1753,2025-05-04,1063,2030,403,0,509.91,8.6,Catalog
1754,2025-05-04,1176,2008,403,0,133.18,2.9,Online
1756,2025-05-04,1009,2058,404,3,2000.25,12.8,Phone
1757,2025-05-04,1068,2002,404,0,0.0,2.0,Mobile
1758,2025-05-04,1081,2048,404,2,572.21,9.0,Catalog
1759,2025-05-04,1146,2012,404,0,623.19,6.4,Online
1761,2025-05-04,1127,2064,403,1,529.27,7.9,Phone
1763,2025-05-04,1051,2063,401,1,0.0,2.0,Catalog
1764,2025-05-04,1073,2033,401,2,1338.0,6.6,Online
1766,2025-05-04,1183,2074,401,2,0.0,2.0,Phone
1767,2025-05-04,1069,2008,404,3,66.59,3.1,Mobile
1768,2025-05-04,1053,2044,401,2,332.13,2.6,Catalog
1769,2025-05-04,1129,2038,404,2,0.0,2.0,Online
1771,2025-05-04,1159,2065,404,1,1693.22,14.4,Phone
1772,2025-05-04,1004,2080,402,3,3329.04,10.3,Mobile
1773,2025-05-04,1054,2084,404,2,901.92,6.0,Catalog
1774,2025-05-04,1163,2068,404,0,1640.48,14.4,Online
1776,2025-05-04,1037,2030,402,2,271.95,2.9,Phone
1777,2025-05-04,1111,2052,403,0,731.26,5.5,Mobile
1778,2025-05-04,1162,2026,404,2,169.25,4.3,Catalog
1779,2025-05-04,1073,2082,402,2,213.28,2.2,Online
1781,2025-05-04,1061,2014,402,1,665.01,7.7,Phone
1782,2025-05-04,1007,2031,403,3,1695.9,12.2,Mobile
1783,2025-05-04,1124,2071,404,3,1845.48,15.0,Catalog
1784,2025-05-04,1165,2004,402,1,1669.05,14.5,Online
1786,2025-05-04,1071,2084,402,0,281.85,4.3,Phone
1787,2025-05-04,1184,2062,401,0,2477.44,13.0,Mobile
1788,2025-05-04,1021,2040,403,0,69.08,4.2,Catalog
1789,2025-05-04,1104,2046,401,3,167.15,4.6,Online
1791,2025-05-04,1146,2094,401,2,789.36,6.7,Phone
1792,2025-05-04,1127,2011,402,0,409.74,3.4,Mobile
1793,2025-05-04,1197,2040,403,3,138.16,4.5,Catalog
1794,2025-05-04,1191,2095,402,3,1963.16,14.9,Online
1796,2025-05-04,1054,2035,404,3,899.99,8.1,Phone
1798,2025-05-04,1136,2047,401,2,267.98,3.1,Catalog
1799,2025-05-04,1139,2054,404,1,3241.84,14.6,Online
1801,2025-05-04,1183,2047,403,0,1004.94,8.5,Phone
1802,2025-05-04,1165,2077,401,0,1685.49,14.9,Mobile
1803,2025-05-04,1176,2085,402,2,581.16,6.4,Catalog
1804,2025-05-04,1141,2049,403,2,1503.74,12.5,Online
1806,2025-05-04,1099,2001,404,2,0.0,2.0,Phone
1807,2025-05-04,1077,2011,402,2,655.58,5.5,Mobile
1808,2025-05-04,1053,2020,404,2,601.33,7.1,Catalog
1809,2025-05-04,1196,2082,404,0,533.2,6.9,Online
1811,2025-05-04,1188,2052,403,3,2925.04,10.3,Phone
1812,2025-05-04,1025,2020,403,0,375.83,3.2,Mobile
1813,2025-05-04,1090,2053,403,3,1830.45,14.0,Catalog
1814,2025-05-04,1177,2003,401,1,346.66,4.9,Online
1816,2025-05-04,1102,2025,403,2,0.0,2.0,Phone
1817,2025-05-04,1147,2010,401,1,70.06,3.5,Mobile
1818,2025-05-04,1063,2066,402,3,516.06,8.5,Catalog
1819,2025-05-04,1081,2057,404,1,786.56,7.8,Online
1821,2025-05-04,1050,2010,404,2,62.27,2.9,Phone
1822,2025-05-04,1046,2050,404,1,336.2,2.6,Mobile
1824,2025-05-04,1118,2025,403,1,0.0,2.0,Online
1826,2025-05-04,1038,2011,403,1,1475.06,5.1,Phone
1827,2025-05-04,1145,2015,401,3,2024.91,14.9,Mobile
1828,2025-05-04,1197,2058,404,0,666.75,7.8,Catalog
1829,2025-05-04,1057,2091,402,1,815.21,8.6,Online
1831,2025-05-04,1097,2016,404,1,290.72,4.1,Phone
1832,2025-05-04,1153,2027,403,1,698.25,8.3,Mobile
1833,2025-05-04,1107,2023,404,1,2536.76,13.7,Catalog
1834,2025-05-04,1007,2037,403,1,648.25,6.8,Online
1836,2025-05-04,1149,2087,404,0,637.28,8.0,Phone
1837,2025-05-04,1002,2060,402,2,326.7,3.9,Mobile
1838,2025-05-04,1177,2050,402,3,186.78,2.7,Catalog
1839,2025-05-04,1181,2054,403,0,1801.02,10.3,Online
1841,2025-05-04,1085,2030,404,2,407.93,4.0,Phone
1842,2025-05-04,1155,2085,401,0,726.45,8.2,Mobile
1843,2025-05-04,1064,2064,404,2,940.93,6.4,Catalog
1844,2025-05-04,1101,2085,403,1,217.94,4.3,Online
1846,2025-05-04,1043,2064,404,2,235.23,4.0,Phone
1847,2025-05-04,1119,2016,401,2,258.42,2.4,Mobile
1848,2025-05-04,1181,2067,404,1,523.71,6.8,Catalog
1849,2025-05-04,1066,2014,403,0,0.0,2.0,Online
1851,2025-05-04,1110,2036,403,2,348.77,2.6,Phone
1852,2025-05-04,1132,2040,404,1,124.34,4.9,Mobile
1853,2025-05-04,1080,2094,404,1,0.0,2.0,Catalog
1854,2025-05-04,1142,2084,404,0,0.0,2.0,Online
1856,2025-05-04,1046,2004,404,2,741.8,5.1,Phone
1857,2025-05-04,1041,2090,404,3,358.2,3.4,Mobile
1858,2025-05-04,1029,2063,401,3,1657.38,12.8,Catalog
1859,2025-05-04,1091,2090,404,3,214.92,2.2,Online
1861,2025-05-04,1089,2011,402,2,1638.96,13.7,Phone
1862,2025-05-04,1046,2021,403,1,2255.61,10.2,Mobile
1864,2025-05-04,1019,2031,404,0,1695.9,10.3,Online
1866,2025-05-04,1100,2047,401,2,803.95,5.5,Phone
1867,2025-05-04,1039,2003,401,3,1155.54,7.0,Mobile
1868,2025-05-04,1181,2084,404,3,1127.4,8.7,Catalog
1869,2025-05-04,1160,2034,401,2,326.81,3.0,Online
1871,2025-05-04,1187,2093,402,1,680.35,5.1,Phone
1872,2025-05-04,1012,2082,403,2,853.12,6.8,Mobile
1873,2025-05-04,1014,2095,401,3,0.0,2.0,Catalog
1874,2025-05-04,1023,2051,403,1,211.18,3.7,Online
1876,2025-05-04,1005,2026,402,3,211.56,4.4,Phone
1877,2025-05-04,1199,2051,403,1,0.0,2.0,Mobile
1879,2025-05-04,1188,2039,402,2,1562.3,14.5,Online
1881,2025-05-04,1125,2057,404,3,1310.94,7.9,Phone
1882,2025-05-04,1068,2072,404,0,420.3,2.1,Mobile
1883,2025-05-04,1193,2054,403,1,0.0,2.0,Catalog
1884,2025-05-04,1111,2080,404,0,1664.52,12.0,Online
1886,2025-05-04,1173,2028,402,3,2551.76,14.3,Phone
1887,2025-05-04,1134,2080,401,2,1331.62,6.1,Mobile
1888,2025-05-04,1119,2055,401,3,269.7,2.2,Catalog
1889,2025-05-04,1076,2019,402,2,747.14,7.7,Online
1891,2025-05-04,1145,2006,401,0,0.0,2.0,Phone
1893,2025-05-04,1024,2059,403,2,0.0,2.0,Catalog
1894,2025-05-04,1065,2074,401,0,3297.5,12.2,Online
1896,2025-05-04,1046,2050,401,0,560.34,5.3,Phone
1897,2025-05-04,1106,2090,403,2,114.62,4.2,Mobile
1898,2025-05-04,1150,2092,404,3,482.21,3.0,Catalog
1899,2025-05-04,1159,2033,403,1,752.62,7.0,Online
1901,2025-05-04,1172,2013,404,0,1870.72,10.2,Phone
1902,2025-05-04,1001,2050,401,0,560.34,7.9,Mobile
1903,2025-05-04,1043,2083,404,3,2304.48,13.6,Catalog
1904,2025-05-04,1177,2051,404,2,281.57,2.6,Online
1906,2025-05-04,1077,2011,402,1,368.77,4.3,Phone
1907,2025-05-04,1003,2024,401,0,248.54,3.9,Mobile
1908,2025-05-04,1178,2024,401,1,223.69,4.3,Catalog
1909,2025-05-04,1123,2083,402,1,1382.69,5.4,Online
1911,2025-05-04,1077,2098,404,1,817.07,7.5,Phone
1912,2025-05-04,1121,2054,401,0,0.0,2.0,Mobile
1913,2025-05-04,1042,2019,404,3,933.93,7.7,Catalog
1914,2025-05-04,1120,2002,404,1,1558.8,11.3,Online
1916,2025-05-04,1085,2001,401,3,412.35,2.6,Phone
1917,2025-05-04,1106,2063,403,0,0.0,2.0,Mobile
1918,2025-05-04,1124,2051,404,3,351.96,2.4,Catalog
1919,2025-05-04,1059,2091,401,0,1811.58,13.6,Online
1921,2025-05-04,1068,2082,404,3,0.0,2.0,Phone
1922,2025-05-04,1029,2063,403,3,3314.76,12.6,Mobile
1923,2025-05-04,1178,2055,401,1,242.73,3.7,Catalog
1924,2025-05-04,1073,2092,402,3,482.21,4.8,Online
1926,2025-05-04,1150,2087,403,3,477.96,2.0,Phone
1927,2025-05-04,1033,2037,404,3,1440.56,8.7,Mobile
1928,2025-05-04,1172,2083,403,3,2304.48,12.5,Catalog
1929,2025-05-04,1041,2079,402,2,2281.3,12.1,Online
1931,2025-05-04,1033,2022,402,1,1208.12,8.7,Phone
1932,2025-05-04,1155,2062,401,3,1858.08,14.3,Mobile
1933,2025-05-04,1126,2038,402,1,1667.72,10.6,Catalog
1934,2025-05-04,1142,2006,401,2,0.0,2.0,Online
1936,2025-05-04,1128,2004,401,2,2967.2,12.4,Phone
1937,2025-05-04,1110,2014,402,0,246.3,4.1,Mobile
1938,2025-05-04,1143,2028,404,2,1531.06,11.4,Catalog
1939,2025-05-04,1087,2045,401,2,0.0,2.0,Online
1941,2025-05-04,1112,2058,401,0,0.0,2.0,Phone
1942,2025-05-04,1005,2078,401,0,426.03,3.3,Mobile
1943,2025-05-04,1129,2013,402,0,1870.72,13.6,Catalog
1944,2025-05-04,1052,2046,402,2,26.74,2.1,Online
1946,2025-05-04,1039,2082,403,2,0.0,2.0,Phone
1947,2025-05-04,1035,2015,402,3,3374.85,11.6,Mobile
1948,2025-05-04,1106,2098,401,1,1634.15,11.0,Catalog
1949,2025-05-04,1121,2043,403,1,1572.21,13.9,Online
1952,2025-05-04,1192,2096,404,1,1814.89,13.2,Mobile
1953,2025-05-04,1035,2054,404,3,0.0,2.0,Catalog
1954,2025-05-04,1117,2066,403,0,0.0,2.0,Online
1956,2025-05-04,1021,2043,403,3,2620.35,10.2,Phone
1957,2025-05-04,1197,2021,404,0,1670.82,14.3,Mobile
1958,2025-05-04,1100,2097,401,1,2273.67,12.1,Catalog
1959,2025-05-04,1147,2007,403,3,0.0,2.0,Online
1961,2025-05-04,1088,2001,403,1,1113.34,8.0,Phone
1962,2025-05-04,1179,2051,404,1,211.18,4.4,Mobile
1963,2025-05-04,1139,2079,404,2,2281.3,10.7,Catalog
1964,2025-05-04,1005,2083,404,1,691.34,8.6,Online
1966,2025-05-04,1099,2092,402,2,1157.3,6.5,Phone
1967,2025-05-04,1054,2011,403,2,327.79,4.8,Mobile
1968,2025-05-04,1193,2081,402,0,2238.66,10.9,Catalog
1969,2025-05-04,1007,2069,403,1,836.6,5.3,Online
1971,2025-05-04,1187,2007,403,2,466.71,3.0,Phone
1972,2025-05-04,1160,2064,403,0,1176.16,8.7,Mobile
1973,2025-05-04,1012,2096,401,3,672.18,9.0,Catalog
1974,2025-05-04,1076,2073,401,3,499.43,2.6,Online
1976,2025-05-04,1076,2036,402,3,217.98,4.7,Phone
1977,2025-05-04,1133,2094,402,0,1973.4,12.3,Mobile
1978,2025-05-04,1083,2066,402,2,1238.54,6.7,Catalog
1979,2025-05-04,1116,2012,402,3,0.0,2.0,Online
1981,2025-05-04,1108,2016,404,1,872.15,6.1,Phone
1982,2025-05-04,1114,2009,403,3,198.93,3.9,Mobile
1983,2025-05-04,1150,2071,404,2,492.13,4.0,Catalog
1984,2025-05-04,1149,2063,404,3,2762.3,13.3,Online
1986,2025-05-04,1036,2064,402,3,294.04,4.6,Phone
1987,2025-05-04,1182,2058,402,0,0.0,2.0,Mobile
1988,2025-05-04,1177,2027,404,3,1034.44,7.8,Catalog
1989,2025-05-04,1008,2095,402,2,0.0,2.0,Online
1991,2025-05-04,1030,2047,403,0,334.98,4.6,Phone
1992,2025-05-04,1133,2019,401,2,747.14,6.5,Mobile
1993,2025-05-04,1078,2047,403,2,535.97,7.1,Catalog
1994,2025-05-04,1124,2003,402,1,1386.65,7.3,Online
1996,2025-05-04,1078,2036,402,1,588.55,6.7,Phone
1997,2025-05-04,1189,2062,401,0,2477.44,11.2,Mobile
1998,2025-05-04,1140,2044,401,0,207.58,2.7,Catalog
1999,2025-05-04,1106,2061,403,3,599.76,5.5,Online
