TransactionID,SaleDate,CustomerID,ProductID,StoreID,CampaignID,SaleAmount,CommissionPercent,OrderChannel
1,5/4/2025,1034,2059,402,0,2048.2,11.6,Phone
2,5/4/2025,1066,2048,403,1,321.87,3.4,Mobile
3,5/4/2025,1116,2041,403,3,3216.84,12.3,Catalog
4,5/4/2025,1071,2096,404,2,1613.23,14.7,Online
5,5/4/2025,1020,2060,401,0,408.38,3.8,InStore
6,5/4/2025,1089,2028,401,0,1275.88,8.9,Phone
7,5/4/2025,1193,2003,402,1,346.66,2.2,Mobile
8,5/4/2025,1005,2079,402,1,855.49,6.4,Catalog
9,5/4/2025,1032,2060,401,1,735.08,7.3,Online
10,5/4/2025,1119,2089,403,2,661.63,8.6,InStore
11,5/4/2025,1042,2077,401,,505.65,8.4,Phone
12,5/4/2025,1079,2013,401,2,0,2,Mobile
13,5/4/2025,1147,2086,404,3,4470.5,10,Catalog
14,5/4/2025,1183,2025,401,1,503.32,9,Online
15,5/4/2025,1026,2089,403,0,413.52,3.5,InStore
16,5/4/2025,1144,2005,403,3,1715.12,15,Phone
17,5/4/2025,1169,2047,401,2,535.97,6.4,Mobile
18,5/4/2025,1003,2053,404,0,3660.9,13.5,Catalog
19,5/4/2025,1110,2046,404,1,30.09,2.3,Online
20,5/4/2025,1111,2022,403,3,671.18,6.7,InStore
21,5/4/2025,1119,2055,403,2,?,,Phone
22,5/4/2025,1062,2011,403,3,1229.22,8,Mobile
23,5/4/2025,1062,2096,404,3,672.18,8,Catalog
24,5/4/2025,1086,2003,404,2,924.43,6.7,Online
25,5/4/2025,1046,2062,402,2,1981.95,14.4,InStore
26,5/4/2025,1066,2043,403,2,698.76,7.2,Phone
27,5/4/2025,1142,2001,402,0,1237.05,8.8,Mobile
28,5/4/2025,1061,2092,404,3,482.21,3.5,Catalog
29,5/4/2025,1142,2097,402,3,4210.5,11.6,Online
30,5/4/2025,1165,2091,404,3,4528.95,11.6,InStore
31,2023-13-01,1004,2011,403,1,737.53,7.6,Phone
32,5/4/2025,1103,2088,402,2,0,2,Mobile
33,5/4/2025,1169,2074,403,3,0,2,Catalog
34,5/4/2025,1141,2067,403,3,872.85,8.1,Online
35,5/4/2025,1190,2070,403,2,54.69,2.7,InStore
36,5/4/2025,1179,2058,403,2,1066.8,6.1,Phone
37,5/4/2025,1064,2029,401,1,12.16,4.3,Mobile
38,5/4/2025,1080,2015,402,1,3037.36,14.6,Catalog
39,5/4/2025,1055,2094,404,2,1578.72,13.8,Online
40,5/4/2025,1185,2075,403,0,0,2,InStore
41,5/4/2025,9999,2037,402,2,288.11,2,Phone
42,5/4/2025,1045,2038,401,1,1667.72,12.1,Mobile
43,5/4/2025,1070,2005,401,2,686.05,8.2,Catalog
44,5/4/2025,1178,2016,404,0,0,2,Online
45,5/4/2025,1003,2073,403,3,1498.29,8.1,InStore
46,5/4/2025,1122,2056,403,1,944.5,7.5,Phone
47,5/4/2025,1013,2032,404,0,2836.8,13.8,Mobile
48,5/4/2025,1016,2051,404,0,117.32,2.2,Catalog
49,5/4/2025,1147,2080,401,1,0,2,Online
50,5/4/2025,1038,2072,403,0,840.6,9,InStore
51,5/4/2025,1063,2015,404,1,1214.95,6.2,Phone
52,5/4/2025,1198,2066,404,3,516.06,6.3,Mobile
53,5/4/2025,1113,2038,404,2,2223.62,14,Catalog
54,5/4/2025,1145,2079,401,0,1901.08,13,Online
55,5/4/2025,1195,2026,402,2,507.74,8.9,InStore
56,5/4/2025,1169,2010,402,1,140.11,5,Phone
57,5/4/2025,1044,2070,401,1,0,2,Mobile
58,5/4/2025,1000,2052,404,3,2193.78,14,Catalog
59,5/4/2025,1074,2004,402,2,741.8,6,Online
60,5/4/2025,1180,2036,404,0,217.98,2.9,InStore
61,5/4/2025,1175,2029,403,1,36.48,4.9,Phone
62,5/4/2025,1108,2014,402,1,221.67,4.6,Mobile
63,5/4/2025,1068,2018,401,0,2169.04,12.2,Catalog
64,5/4/2025,1042,2039,403,3,2929.32,12.7,Online
65,5/4/2025,1031,2059,403,3,0,2,InStore
66,5/4/2025,1069,2064,404,3,1470.2,7.6,Phone
67,5/4/2025,1020,2076,401,3,4836.42,12.5,Mobile
68,5/4/2025,1188,2041,403,0,1608.42,15,Catalog
69,5/4/2025,1023,2029,401,2,0,2,Online
70,5/4/2025,1147,2005,402,3,0,2,InStore
71,5/4/2025,1132,2083,404,2,614.53,7.1,Phone
72,5/4/2025,1046,2074,404,3,659.5,7.7,Mobile
73,5/4/2025,1023,2060,403,3,1225.14,5.7,Catalog
74,5/4/2025,1085,2041,401,1,1447.58,7.8,Online
75,5/4/2025,1084,2052,404,2,2925.04,13.1,InStore
76,5/4/2025,1169,2051,401,3,117.32,3.4,Phone
77,5/4/2025,1022,2040,403,2,55.26,3.6,Mobile
78,5/4/2025,1029,2098,404,0,3631.44,14.6,Catalog
79,5/4/2025,1168,2069,404,3,232.39,2.7,Online
80,5/4/2025,1013,2024,403,3,372.81,3.5,InStore
81,5/4/2025,1160,2056,401,1,472.25,4,Phone
82,5/4/2025,1068,2070,402,2,109.38,3.1,Mobile
83,5/4/2025,1112,2089,404,0,2067.6,10.6,Catalog
84,5/4/2025,1007,2080,402,1,1498.07,7.8,Online
85,5/4/2025,1079,2070,401,3,34.18,3.6,InStore
86,5/4/2025,1023,2028,401,3,2551.76,11.9,Phone
87,5/4/2025,1030,2082,402,3,799.8,8.2,Mobile
88,5/4/2025,1183,2037,403,3,2160.84,11.5,Catalog
89,5/4/2025,1123,2060,402,3,2450.28,13.1,Online
90,5/4/2025,1141,2018,404,1,2440.17,11.6,InStore
91,5/4/2025,1153,2065,402,0,470.34,4.9,Phone
92,5/4/2025,1070,2098,404,2,0,2,Mobile
93,5/4/2025,1129,2034,401,2,108.94,3.9,Catalog
94,5/4/2025,1185,2038,404,1,1667.72,12.3,Online
95,5/4/2025,1114,2068,404,2,656.19,7.4,InStore
96,5/4/2025,1085,2070,404,3,0,2,Phone
97,5/4/2025,1082,2024,402,3,372.81,3.2,Mobile
98,5/4/2025,1059,2099,404,0,1292.64,5.6,Catalog
99,5/4/2025,1081,2095,404,3,490.79,3.8,Online
100,5/4/2025,1098,2084,402,3,0,2,InStore
101,5/4/2025,1009,2016,403,0,969.06,7.8,Phone
102,5/4/2025,1112,2012,404,0,1869.57,13.9,Mobile
103,5/4/2025,1184,2018,404,1,488.03,4.6,Catalog
104,5/4/2025,1019,2060,403,2,0,2,Online
105,5/4/2025,1159,2088,404,0,0,2,InStore
106,5/4/2025,1084,2086,404,2,2861.12,10.2,Phone
107,5/4/2025,1160,2091,404,0,905.79,7.9,Mobile
108,5/4/2025,1158,2008,402,2,159.82,3,Catalog
109,5/4/2025,1058,2095,401,3,2453.95,14.7,Online
110,5/4/2025,1025,2097,401,3,842.1,5.5,InStore
111,5/4/2025,1042,2088,403,0,709.35,6.9,Phone
112,5/4/2025,1011,2041,401,2,0,2,Mobile
113,5/4/2025,1091,2047,404,1,0,2,Catalog
114,5/4/2025,1062,2067,404,1,0,2,Online
115,5/4/2025,1043,2022,401,3,2684.72,14.3,InStore
116,5/4/2025,1158,2087,402,3,477.96,2.2,Phone
117,5/4/2025,1149,2018,402,3,1626.78,14.4,Mobile
118,5/4/2025,1163,2032,404,2,756.48,5.2,Catalog
119,5/4/2025,1170,2001,404,2,659.76,5.6,Online
120,5/4/2025,1173,2069,402,0,464.78,3.6,InStore
121,5/4/2025,1113,2044,403,3,0,2,Phone
122,5/4/2025,1176,2032,404,2,756.48,8.3,Mobile
123,5/4/2025,1050,2049,404,0,2819.52,15,Catalog
124,5/4/2025,1060,2048,403,2,1144.42,8.1,Online
125,5/4/2025,1179,2037,401,3,1440.56,6.9,InStore
126,5/4/2025,1070,2001,401,3,0,2,Phone
127,5/4/2025,1073,2099,402,2,0,2,Mobile
128,5/4/2025,1056,2081,402,2,0,2,Catalog
129,5/4/2025,1173,2096,402,0,672.18,9,Online
130,5/4/2025,1160,2082,401,2,426.56,2.1,InStore
131,5/4/2025,1112,2004,403,1,1669.05,12.6,Phone
132,5/4/2025,1023,2037,403,3,2160.84,13.8,Mobile
133,5/4/2025,1044,2025,402,2,223.7,4,Catalog
134,5/4/2025,1135,2064,403,1,793.91,5.9,Online
135,5/4/2025,1065,2061,403,2,639.74,5.4,InStore
136,5/4/2025,1029,2059,401,1,921.69,6.3,Phone
137,5/4/2025,1193,2028,404,2,1531.06,10.9,Mobile
138,5/4/2025,1023,2050,401,2,298.85,2,Catalog
139,5/4/2025,1137,2015,404,2,539.98,6.9,Online
140,5/4/2025,1172,2095,403,3,2453.95,14.2,InStore
141,5/4/2025,1163,2047,401,1,301.48,2,Phone
142,5/4/2025,1120,2003,403,1,1039.99,8.2,Mobile
143,5/4/2025,1165,2008,404,2,53.27,4.6,Catalog
144,5/4/2025,1166,2052,401,1,658.13,8.1,Online
145,5/4/2025,1011,2004,403,3,3709,12.1,InStore
146,5/4/2025,1029,2012,402,1,0,2,Phone
147,5/4/2025,1099,2058,403,3,666.75,8.4,Mobile
148,5/4/2025,1150,2095,402,3,490.79,2.8,Catalog
149,5/4/2025,1167,2012,404,3,0,2,Online
150,5/4/2025,1071,2004,403,1,834.52,8.3,InStore
151,5/4/2025,1113,2056,402,2,839.55,6.3,Phone
152,5/4/2025,1025,2087,403,2,0,2,Mobile
153,5/4/2025,1015,2050,403,1,504.31,8.4,Catalog
154,5/4/2025,1031,2058,401,1,2400.3,14.7,Online
155,5/4/2025,1164,2081,401,0,2984.88,11.8,InStore
156,5/4/2025,1085,2031,402,1,508.77,5.6,Phone
157,5/4/2025,1017,2097,402,1,757.89,8,Mobile
158,5/4/2025,1059,2042,402,0,0,2,Catalog
159,5/4/2025,1070,2018,402,2,0,2,Online
160,5/4/2025,1044,2014,401,1,886.68,6.4,InStore
161,5/4/2025,1003,2045,402,2,499.42,2.3,Phone
162,5/4/2025,1004,2022,403,0,671.18,8.8,Mobile
163,5/4/2025,1032,2094,404,0,493.35,3.4,Catalog
164,5/4/2025,1190,2008,404,3,266.36,3.6,Online
165,5/4/2025,1199,2046,401,3,167.15,3,InStore
166,5/4/2025,1128,2028,401,2,2041.41,10,Phone
167,5/4/2025,1117,2082,401,0,799.8,7.5,Mobile
168,5/4/2025,1122,2051,404,0,234.64,3.9,Catalog
169,5/4/2025,1125,2091,404,0,1811.58,11.4,Online
170,5/4/2025,1020,2041,402,0,0,2,InStore
171,5/4/2025,1032,2035,403,3,4499.95,13,Phone
172,5/4/2025,1152,2067,403,3,872.85,6.3,Mobile
173,5/4/2025,1129,2077,404,0,2809.15,13.5,Catalog
174,5/4/2025,1179,2014,402,3,738.9,8.2,Online
175,5/4/2025,1115,2029,404,2,0,2,InStore
176,5/4/2025,1116,2051,404,0,351.96,4.6,Phone
177,5/4/2025,1080,2054,403,2,3602.04,12.4,Mobile
178,5/4/2025,1095,2019,404,0,933.93,7.9,Catalog
179,5/4/2025,1023,2010,401,3,0,2,Online
180,5/4/2025,1024,2095,403,1,3533.69,11.3,InStore
181,5/4/2025,1142,2007,403,0,583.39,7.2,Phone
182,5/4/2025,1105,2045,404,0,624.28,8.8,Mobile
183,5/4/2025,1073,2076,403,2,1934.57,14.1,Catalog
184,5/4/2025,1026,2073,402,1,1797.95,11.5,Online
185,5/4/2025,1168,2061,402,0,599.76,7.7,InStore
186,5/4/2025,1089,2071,403,0,0,2,Phone
187,5/4/2025,1195,2035,402,3,0,2,Mobile
188,5/4/2025,1143,2098,401,2,2178.86,12.9,Catalog
189,5/4/2025,1007,2023,403,2,751.63,6.2,Online
190,5/4/2025,1086,2044,401,1,373.64,2.2,InStore
191,5/4/2025,1036,2072,404,0,1260.9,5.3,Phone
192,5/4/2025,1036,2094,401,0,2466.75,13.6,Mobile
193,5/4/2025,1191,2067,402,3,872.85,7.5,Catalog
194,5/4/2025,1107,2058,403,1,1800.22,10.2,Online
195,5/4/2025,1094,2039,403,0,1952.88,13.1,InStore
196,5/4/2025,1013,2019,402,0,0,2,Phone
197,5/4/2025,1172,2010,403,3,0,2,Mobile
198,5/4/2025,1169,2054,404,3,900.51,5,Catalog
199,5/4/2025,1106,2034,402,0,136.17,4.4,Online
200,5/4/2025,1088,2055,401,2,129.46,2.5,InStore
201,5/4/2025,1173,2086,404,2,715.28,7.2,Phone
202,5/4/2025,1011,2028,404,0,0,2,Mobile
203,5/4/2025,1001,2026,403,1,190.4,2.5,Catalog
204,5/4/2025,1196,2017,403,2,370.96,4.1,Online
205,5/4/2025,1083,2015,401,3,0,2,InStore
206,5/4/2025,1191,2055,402,1,48.55,4.3,Phone
207,5/4/2025,1097,2068,402,2,1312.38,8.5,Mobile
208,5/4/2025,1018,2050,401,3,0,2,Catalog
209,5/4/2025,1004,2058,401,2,1066.8,7.4,Online
210,5/4/2025,1147,2054,404,3,2701.53,10.4,InStore
211,5/4/2025,1074,2014,404,0,738.9,6.9,Phone
212,5/4/2025,1083,2021,404,2,668.33,8.4,Mobile
213,5/4/2025,1022,2055,401,1,97.09,2.7,Catalog
214,5/4/2025,1111,2075,404,0,1561.28,10.3,Online
215,5/4/2025,1101,2039,403,1,2636.39,13.4,InStore
216,5/4/2025,1085,2099,402,0,646.32,6.1,Phone
217,5/4/2025,1130,2081,401,1,1343.2,8.8,Mobile
218,5/4/2025,1198,2044,403,1,186.82,2.3,Catalog
219,5/4/2025,1060,2013,402,2,0,2,Online
220,5/4/2025,1050,2022,402,0,671.18,6.6,InStore
221,5/4/2025,1045,2098,404,3,907.86,6.7,Phone
222,5/4/2025,1193,2072,404,2,1681.2,14.7,Mobile
223,5/4/2025,1160,2040,402,3,138.16,4.6,Catalog
224,5/4/2025,1017,2060,404,2,0,2,Online
225,5/4/2025,1070,2075,401,2,624.51,6.3,InStore
226,5/4/2025,1129,2009,403,3,198.93,4.4,Phone
227,5/4/2025,1115,2004,401,2,2225.4,13.8,Mobile
228,5/4/2025,1073,2009,401,3,66.31,2.4,Catalog
229,5/4/2025,1118,2074,401,3,659.5,6.9,Online
230,5/4/2025,1146,2083,402,2,614.53,6.9,InStore
231,5/4/2025,1154,2060,402,0,408.38,4.3,Phone
232,5/4/2025,1115,2013,403,0,2806.08,14,Mobile
233,5/4/2025,1129,2082,402,0,1066.4,5.5,Catalog
234,5/4/2025,1063,2090,404,3,71.64,4.4,Online
235,5/4/2025,1134,2066,402,2,1238.54,5.8,InStore
236,5/4/2025,1095,2036,404,3,653.94,8.5,Phone
237,5/4/2025,1198,2043,401,2,1397.52,8.1,Mobile
238,5/4/2025,1016,2042,401,3,0,2,Catalog
239,5/4/2025,1072,2032,402,2,1512.96,13.6,Online
240,5/4/2025,1020,2074,402,2,527.6,7.7,InStore
241,5/4/2025,1079,2083,404,1,691.34,7.2,Phone
242,5/4/2025,1152,2090,401,2,57.31,2.5,Mobile
243,5/4/2025,1143,2048,403,1,0,2,Catalog
244,5/4/2025,1171,2089,401,3,1654.08,14,Online
245,5/4/2025,1130,2046,401,2,106.98,3.7,InStore
246,5/4/2025,1079,2023,402,2,3006.53,10.5,Phone
247,5/4/2025,1196,2062,402,1,1114.85,6,Mobile
248,5/4/2025,1035,2019,401,2,0,2,Catalog
249,5/4/2025,1025,2064,401,2,705.7,7.9,Online
250,5/4/2025,1196,2079,402,3,2851.62,11.4,InStore
251,5/4/2025,1039,2020,402,1,338.25,2,Phone
252,5/4/2025,1184,2056,401,3,1574.16,13.4,Mobile
253,5/4/2025,1093,2086,402,3,3576.4,14.6,Catalog
254,5/4/2025,1156,2036,404,1,392.36,3.7,Online
255,5/4/2025,1136,2030,403,3,509.91,6.4,InStore
256,5/4/2025,1049,2047,404,3,1674.9,15,Phone
257,5/4/2025,1196,2036,404,3,0,2,Mobile
258,5/4/2025,1041,2025,402,2,671.09,8.4,Catalog
259,5/4/2025,1013,2082,404,2,1066.4,6.6,Online
260,5/4/2025,1141,2013,401,2,748.29,8.5,InStore
261,5/4/2025,1021,2097,402,2,673.68,6.8,Phone
262,5/4/2025,1115,2065,402,3,1881.36,10.3,Mobile
263,5/4/2025,1023,2028,404,2,510.35,7.9,Catalog
264,5/4/2025,1006,2053,401,3,610.15,5.4,Online
265,5/4/2025,1128,2047,402,3,1004.94,8.6,InStore
266,5/4/2025,1020,2047,402,0,669.96,5.4,Phone
267,5/4/2025,1081,2012,403,1,1682.61,14.8,Mobile
268,5/4/2025,1035,2004,403,3,927.25,8.8,Catalog
269,5/4/2025,1178,2017,404,3,1854.8,11.3,Online
270,5/4/2025,1157,2000,401,0,1938.62,10.1,InStore
271,5/4/2025,1065,2027,402,3,775.83,7.3,Phone
272,5/4/2025,1028,2099,403,1,3490.13,10.7,Mobile
273,5/4/2025,1077,2015,401,1,1822.42,14.4,Catalog
274,5/4/2025,1107,2081,404,0,2238.66,14.5,Online
275,5/4/2025,1028,2063,401,1,994.43,5,InStore
276,5/4/2025,1183,2018,403,3,2711.3,14.6,Phone
277,5/4/2025,1000,2078,403,1,0,2,Mobile
278,5/4/2025,1146,2053,402,0,1220.3,5.5,Catalog
279,5/4/2025,1134,2046,401,0,33.43,3,Online
280,5/4/2025,1099,2060,401,3,1633.52,14.6,InStore
281,5/4/2025,1095,2032,401,2,1512.96,12.1,Phone
282,5/4/2025,1017,2044,402,0,207.58,2.9,Mobile
283,5/4/2025,1197,2074,403,1,593.55,5.4,Catalog
284,5/4/2025,1011,2045,403,1,842.78,6.1,Online
285,5/4/2025,1199,2087,404,3,159.32,4.6,InStore
286,5/4/2025,1161,2023,402,0,939.54,6.5,Phone
287,5/4/2025,1183,2099,404,0,1292.64,8.6,Mobile
288,5/4/2025,1075,2025,401,1,0,2,Catalog
289,5/4/2025,1010,2040,403,3,138.16,3.8,Online
290,5/4/2025,1139,2060,403,0,1225.14,5.3,InStore
291,5/4/2025,1192,2082,402,2,213.28,2.7,Phone
292,5/4/2025,1091,2099,401,2,1034.11,6.5,Mobile
293,5/4/2025,1069,2015,403,3,2699.88,11.9,Catalog
294,5/4/2025,1102,2095,404,3,1472.37,6.2,Online
295,5/4/2025,1086,2023,404,3,3758.16,14.5,InStore
296,5/4/2025,1094,2066,403,0,1032.12,5,Phone
297,5/4/2025,1186,2054,401,3,0,2,Mobile
298,5/4/2025,1154,2023,403,2,751.63,6.3,Catalog
299,5/4/2025,1026,2010,403,2,62.27,2.7,Online
300,5/4/2025,1078,2057,404,1,393.28,4.5,InStore
301,5/4/2025,1176,2056,403,3,524.72,8.6,Phone
302,5/4/2025,1010,2093,403,3,0,2,Mobile
303,5/4/2025,1070,2081,401,0,1492.44,6.7,Catalog
304,5/4/2025,1171,2081,404,2,596.98,7.7,Online
305,5/4/2025,1131,2095,402,0,1472.37,7.6,InStore
306,5/4/2025,1036,2077,404,0,1123.66,8.5,Phone
307,5/4/2025,1032,2008,402,2,106.54,4.4,Mobile
308,5/4/2025,1092,2049,401,1,0,2,Catalog
309,5/4/2025,1173,2057,403,2,349.58,3.2,Online
310,5/4/2025,1113,2097,401,1,757.89,6.3,InStore
311,5/4/2025,1135,2046,404,2,80.23,2.9,Phone
312,5/4/2025,1166,2035,402,0,899.99,7.2,Mobile
313,5/4/2025,1006,2094,402,3,1480.05,8.8,Catalog
314,5/4/2025,1132,2049,401,2,1503.74,11.8,Online
315,5/4/2025,1198,2033,404,1,2257.88,14.6,InStore
316,5/4/2025,1156,2036,404,1,784.73,6.9,Phone
317,5/4/2025,1031,2017,401,3,0,2,Mobile
318,5/4/2025,1044,2091,404,0,1811.58,10,Catalog
319,5/4/2025,1174,2040,403,0,34.54,4,Online
320,5/4/2025,1140,2069,403,2,557.74,8.7,InStore
321,5/4/2025,1040,2091,402,2,724.63,8.9,Phone
322,5/4/2025,1130,2028,401,1,574.15,5.7,Mobile
323,5/4/2025,1035,2030,404,0,339.94,3.6,Catalog
324,5/4/2025,1092,2070,403,3,102.54,2,Online
325,5/4/2025,1141,2016,401,0,0,2,InStore
326,5/4/2025,1079,2050,404,3,186.78,4.1,Phone
327,5/4/2025,1196,2052,401,1,2632.54,11.3,Mobile
328,5/4/2025,1081,2082,401,3,1066.4,6.9,Catalog
329,5/4/2025,1119,2087,403,1,0,2,Online
330,5/4/2025,1199,2070,402,1,30.76,3.4,InStore
331,5/4/2025,1110,2064,401,0,0,2,Phone
332,5/4/2025,1132,2019,403,1,1681.07,13.6,Mobile
333,5/4/2025,1041,2041,402,2,643.37,8.8,Catalog
334,5/4/2025,1132,2036,401,2,348.77,3.2,Online
335,5/4/2025,1050,2081,403,1,2686.39,10.9,InStore
336,5/4/2025,1160,2038,401,1,0,2,Phone
337,5/4/2025,1151,2074,402,1,1187.1,8.6,Mobile
338,5/4/2025,1168,2079,403,0,1901.08,13.3,Catalog
339,5/4/2025,1007,2010,401,2,62.27,2.7,Online
340,5/4/2025,1166,2026,404,0,0,2,InStore
341,5/4/2025,1127,2080,403,2,1997.42,13,Phone
342,5/4/2025,1123,2031,404,2,1356.72,6.9,Mobile
343,5/4/2025,1116,2009,401,1,119.36,4.1,Catalog
344,5/4/2025,1112,2053,404,3,0,2,Online
345,5/4/2025,1052,2043,402,2,698.76,6.5,InStore
346,5/4/2025,1183,2040,403,3,103.62,2.4,Phone
347,5/4/2025,1033,2097,403,0,4210.5,13,Mobile
348,5/4/2025,1081,2030,404,0,339.94,5,Catalog
349,5/4/2025,1068,2057,402,1,1179.85,6.3,Online
350,5/4/2025,1024,2006,403,3,594,8.3,InStore
351,5/4/2025,1157,2053,402,1,1098.27,5.7,Phone
352,5/4/2025,1083,2073,403,1,2247.44,11.1,Mobile
353,5/4/2025,1195,2020,404,3,1879.15,11.8,Catalog
354,5/4/2025,1127,2039,404,0,1952.88,10.1,Online
355,5/4/2025,1023,2050,404,1,0,2,InStore
356,5/4/2025,1055,2074,403,0,1978.5,11.3,Phone
357,5/4/2025,1012,2036,404,3,653.94,6.3,Mobile
358,5/4/2025,1073,2068,401,0,2460.72,14.6,Catalog
359,5/4/2025,1110,2017,403,2,370.96,2.6,Online
360,5/4/2025,1195,2051,403,0,117.32,3,InStore
361,5/4/2025,1102,2006,402,2,792,7.2,Phone
362,5/4/2025,1141,2036,401,3,871.92,7.7,Mobile
363,5/4/2025,1129,2057,403,0,1747.92,14.3,Catalog
364,5/4/2025,1032,2012,404,2,997.1,5.8,Online
365,5/4/2025,1086,2071,403,1,553.64,6.1,InStore
366,5/4/2025,1050,2077,404,0,561.83,8.1,Phone
367,5/4/2025,1011,2004,402,2,0,2,Mobile
368,5/4/2025,1121,2066,404,1,0,2,Catalog
369,5/4/2025,1155,2065,402,2,1128.82,6.7,Online
370,5/4/2025,1156,2040,402,3,138.16,2.5,InStore
371,5/4/2025,1157,2094,403,2,1578.72,13.6,Phone
372,5/4/2025,1129,2065,404,2,752.54,5.4,Mobile
373,5/4/2025,1121,2002,403,2,2771.2,11.9,Catalog
374,5/4/2025,1172,2014,404,2,197.04,4.6,Online
375,5/4/2025,1185,2088,401,3,2128.05,13.3,InStore
376,5/4/2025,1067,2083,402,0,0,2,Phone
377,5/4/2025,1149,2061,402,3,1199.52,9,Mobile
378,5/4/2025,1037,2087,402,0,318.64,5,Catalog
379,5/4/2025,1146,2089,401,1,744.34,8.6,Online
380,5/4/2025,1004,2056,403,3,2098.88,10.9,InStore
381,5/4/2025,1038,2052,402,3,2193.78,10,Phone
382,5/4/2025,1128,2099,404,0,3877.92,10.7,Mobile
383,5/4/2025,1180,2017,402,2,741.92,8.8,Catalog
384,5/4/2025,1169,2061,404,2,319.87,4.3,Online
385,5/4/2025,1044,2058,403,2,1066.8,6.2,InStore
386,5/4/2025,1173,2098,403,3,3631.44,13.2,Phone
387,5/4/2025,1049,2031,403,2,1356.72,7.2,Mobile
388,5/4/2025,1057,2038,403,1,2501.58,10.1,Catalog
389,5/4/2025,1176,2090,404,2,343.87,2.8,Online
390,5/4/2025,1122,2044,403,2,166.06,2.3,InStore
391,5/4/2025,1031,2073,404,3,1498.29,6.4,Phone
392,5/4/2025,1088,2098,402,2,726.29,5.4,Mobile
393,5/4/2025,1010,2036,401,2,348.77,2.1,Catalog
394,5/4/2025,1113,2083,403,3,3072.64,10.6,Online
395,5/4/2025,1054,2025,403,2,671.09,6.7,InStore
396,5/4/2025,1035,2013,402,1,1683.65,11.1,Phone
397,5/4/2025,1012,2085,402,1,217.94,4.6,Mobile
398,5/4/2025,1013,2012,404,2,1994.21,14.7,Catalog
399,5/4/2025,1183,2060,401,1,367.54,2.9,Online
400,5/4/2025,1001,2070,402,3,102.54,3.4,InStore
401,5/4/2025,1167,2060,404,1,735.08,7.7,Phone
402,5/4/2025,1193,2036,403,2,348.77,4.7,Mobile
403,5/4/2025,1165,2007,401,1,0,2,Catalog
404,5/4/2025,1136,2094,401,1,1776.06,10.1,Online
405,5/4/2025,1106,2022,401,3,671.18,7.8,InStore
406,5/4/2025,1126,2023,403,0,0,2,Phone
407,5/4/2025,1002,2038,401,2,1482.42,6.6,Mobile
408,5/4/2025,1072,2058,404,1,1200.15,7.3,Catalog
409,5/4/2025,1129,2059,403,1,1382.54,7.3,Online
410,5/4/2025,1028,2042,402,3,502.83,6.7,InStore
411,5/4/2025,1165,2032,402,0,0,2,Phone
412,5/4/2025,1188,2043,403,1,1572.21,14,Mobile
413,5/4/2025,1044,2078,404,3,426.03,3.7,Catalog
414,5/4/2025,1131,2041,401,3,3216.84,11.7,Online
415,5/4/2025,1171,2012,402,1,1121.74,7.9,InStore
416,5/4/2025,1122,2041,402,0,1608.42,11,Phone
417,5/4/2025,1066,2049,402,3,0,2,Mobile
418,5/4/2025,1192,2034,403,2,326.81,3.7,Catalog
419,5/4/2025,1149,2092,401,2,1157.3,8.3,Online
420,5/4/2025,1167,2046,402,0,133.72,2.9,InStore
421,5/4/2025,1170,2015,404,2,0,2,Phone
422,5/4/2025,1040,2051,403,0,469.28,3.6,Mobile
423,5/4/2025,1163,2037,403,1,0,2,Catalog
424,5/4/2025,1056,2017,404,1,834.66,7.5,Online
425,5/4/2025,1116,2095,403,3,490.79,4,InStore
426,5/4/2025,1179,2070,404,1,61.52,4.1,Phone
427,5/4/2025,1195,2031,401,3,1695.9,13.7,Mobile
428,5/4/2025,1135,2090,403,0,0,2,Catalog
429,5/4/2025,1144,2014,401,1,443.34,3.5,Online
430,5/4/2025,1146,2068,402,1,2952.86,12.8,InStore
431,5/4/2025,1083,2066,404,0,516.06,7,Phone
432,5/4/2025,1174,2026,404,0,423.12,4,Mobile
433,5/4/2025,1130,2057,401,3,1747.92,10.3,Catalog
434,5/4/2025,1033,2065,404,3,0,2,Online
435,5/4/2025,1144,2007,404,2,933.42,7.1,InStore
436,5/4/2025,1185,2002,404,2,692.8,8.3,Phone
437,5/4/2025,1000,2095,402,0,0,2,Mobile
438,5/4/2025,1011,2054,403,0,900.51,7.1,Catalog
439,5/4/2025,1138,2007,401,3,2333.56,14.5,Online
440,5/4/2025,1008,2036,404,1,196.18,4.5,InStore
441,5/4/2025,1196,2017,404,2,741.92,6.7,Phone
442,5/4/2025,1097,2057,404,3,436.98,3.8,Mobile
443,5/4/2025,1020,2087,402,2,637.28,6.4,Catalog
444,5/4/2025,1030,2022,404,1,604.06,6.5,Online
445,5/4/2025,1186,2028,401,0,2551.76,12.2,InStore
446,5/4/2025,1076,2059,404,3,1536.15,12,Phone
447,5/4/2025,1058,2031,404,2,0,2,Mobile
448,5/4/2025,1039,2035,402,0,899.99,8.9,Catalog
449,5/4/2025,1008,2084,404,0,845.55,5.6,Online
450,5/4/2025,1061,2026,401,0,423.12,3.1,InStore
451,5/4/2025,1152,2004,404,0,2781.75,12.6,Phone
452,5/4/2025,1062,2094,401,3,1973.4,13.2,Mobile
453,5/4/2025,1112,2029,402,0,13.51,4.9,Catalog
454,5/4/2025,1035,2064,403,1,0,2,Online
455,5/4/2025,1187,2073,403,2,399.54,3.9,InStore
456,5/4/2025,1060,2038,402,1,3335.44,12.4,Phone
457,5/4/2025,1105,2038,403,0,1853.02,14.7,Mobile
458,5/4/2025,1142,2075,402,3,3903.2,14.3,Catalog
459,5/4/2025,1142,2063,401,2,1325.9,5.6,Online
460,5/4/2025,1164,2085,404,2,387.44,4.8,InStore
461,5/4/2025,1178,2053,404,1,1647.4,13,Phone
462,5/4/2025,1076,2048,402,3,1072.89,6.3,Mobile
463,5/4/2025,1061,2028,403,1,1148.29,7.3,Catalog
464,5/4/2025,1118,2007,404,3,1750.17,13.5,Online
465,5/4/2025,1142,2067,402,3,1163.8,6.7,InStore
466,5/4/2025,1062,2032,402,2,756.48,5.7,Phone
467,5/4/2025,1165,2010,404,2,124.54,4.8,Mobile
468,5/4/2025,1023,2068,402,0,2460.72,10.3,Catalog
469,5/4/2025,1068,2048,401,0,715.26,6,Online
470,5/4/2025,1048,2097,402,3,0,2,InStore
471,5/4/2025,1053,2042,403,0,167.61,3.7,Phone
472,5/4/2025,1054,2024,401,3,372.81,3.8,Mobile
473,5/4/2025,1062,2089,402,3,1240.56,8.9,Catalog
474,5/4/2025,1061,2070,403,2,27.34,2.1,Online
475,5/4/2025,1097,2059,403,2,0,2,InStore
476,5/4/2025,1066,2046,404,3,200.58,3.6,Phone
477,5/4/2025,1025,2092,404,2,771.54,7.2,Mobile
478,5/4/2025,1052,2047,403,3,334.98,4.2,Catalog
479,5/4/2025,1011,2072,402,1,756.54,5.3,Online
480,5/4/2025,1004,2033,404,2,0,2,InStore
481,5/4/2025,1039,2025,403,1,503.32,8.2,Phone
482,5/4/2025,1097,2072,402,3,420.3,4.6,Mobile
483,5/4/2025,1140,2083,403,2,1843.58,12.5,Catalog
484,5/4/2025,1195,2062,404,3,3096.8,14.8,Online
485,5/4/2025,1043,2093,403,1,1360.69,7.1,InStore
486,5/4/2025,1035,2092,404,1,0,2,Phone
487,5/4/2025,1138,2082,401,0,533.2,6.4,Mobile
488,5/4/2025,1019,2085,401,0,484.3,4.1,Catalog
489,5/4/2025,1105,2017,402,0,1391.1,7.6,Online
490,5/4/2025,1181,2019,401,1,4202.68,10.6,InStore
491,5/4/2025,1129,2058,403,0,1333.5,5.3,Phone
492,5/4/2025,1158,2081,404,3,2984.88,11.8,Mobile
493,5/4/2025,1004,2000,404,0,2907.93,14.3,Catalog
494,5/4/2025,1004,2067,403,2,465.52,4.6,Online
495,5/4/2025,1004,2064,404,1,1323.18,8.1,InStore
496,5/4/2025,1027,2012,402,1,1121.74,9,Phone
497,5/4/2025,1049,2079,403,2,3802.16,13.2,Mobile
498,5/4/2025,1068,2050,401,2,0,2,Catalog
499,5/4/2025,1103,2058,402,1,600.08,7,Online
500,5/4/2025,1076,2087,401,0,159.32,3.3,InStore
501,5/4/2025,1023,2051,404,3,351.96,5,Phone
502,5/4/2025,1141,2060,401,0,408.38,4.1,Mobile
503,5/4/2025,1179,2021,401,3,835.41,5.5,Catalog
504,5/4/2025,1111,2082,403,0,0,2,Online
505,5/4/2025,1135,2005,402,1,1157.71,8.3,InStore
506,5/4/2025,1177,2072,404,2,1008.72,6.6,Phone
507,5/4/2025,1011,2009,403,0,0,2,Mobile
508,5/4/2025,1045,2040,401,1,31.09,4.1,Catalog
509,5/4/2025,1150,2018,404,0,1084.52,8.6,Online
510,5/4/2025,1076,2020,402,3,2254.98,13.6,InStore
511,5/4/2025,1173,2069,403,3,232.39,4,Phone
512,5/4/2025,1193,2094,402,0,1480.05,5.6,Mobile
513,5/4/2025,1128,2095,403,0,0,2,Catalog
514,5/4/2025,1025,2055,402,0,107.88,3.2,Online
515,5/4/2025,1087,2077,404,2,449.46,2.1,InStore
516,5/4/2025,1007,2081,403,3,746.22,8.4,Phone
517,5/4/2025,1125,2029,403,3,40.53,4.2,Mobile
518,5/4/2025,1110,2023,404,0,1879.08,11.2,Catalog
519,5/4/2025,1197,2079,403,1,855.49,6.7,Online
520,5/4/2025,1182,2009,401,2,53.05,4.8,InStore
521,5/4/2025,1039,2048,402,3,357.63,4.4,Phone
522,5/4/2025,1081,2046,401,0,33.43,2.6,Mobile
523,5/4/2025,1001,2039,404,2,2343.46,12.9,Catalog
524,5/4/2025,1194,2034,401,1,245.11,3.7,Online
525,5/4/2025,1022,2023,404,3,5637.24,13.9,InStore
526,5/4/2025,1142,2071,404,0,615.16,7.4,Phone
527,5/4/2025,1006,2011,403,0,1229.22,5.1,Mobile
528,5/4/2025,1152,2076,403,3,2418.21,10.7,Catalog
529,5/4/2025,1003,2037,404,3,1440.56,7.1,Online
530,5/4/2025,1199,2010,402,1,210.17,3.6,InStore
531,5/4/2025,1175,2048,402,1,965.6,7.9,Phone
532,5/4/2025,1068,2038,403,3,0,2,Mobile
533,5/4/2025,1037,2008,402,3,266.36,3.2,Catalog
534,5/4/2025,1070,2053,403,3,1830.45,11.8,Online
535,5/4/2025,1005,2009,403,2,53.05,2.9,InStore
536,5/4/2025,1063,2092,404,1,867.98,6.2,Phone
537,5/4/2025,1117,2013,402,2,2244.86,10.6,Mobile
538,5/4/2025,1001,2050,403,3,0,2,Catalog
539,5/4/2025,1084,2056,403,3,1574.16,14.3,Online
540,5/4/2025,1166,2076,402,2,0,2,InStore
541,5/4/2025,1082,2077,402,3,0,2,Phone
542,5/4/2025,1080,2022,404,2,1073.89,6.7,Mobile
543,5/4/2025,1074,2094,404,1,444.02,3.3,Catalog
544,5/4/2025,1083,2048,403,3,0,2,Online
545,5/4/2025,1093,2014,402,1,221.67,4.9,InStore
546,5/4/2025,1174,2098,401,3,2723.58,13,Phone
547,5/4/2025,1181,2026,404,2,507.74,6.5,Mobile
548,5/4/2025,1177,2008,404,3,332.95,2.1,Catalog
549,5/4/2025,1035,2081,403,1,1343.2,8.6,Online
550,5/4/2025,1064,2084,402,3,845.55,6.1,InStore
551,5/4/2025,1096,2009,404,3,198.93,2.2,Phone
552,5/4/2025,1149,2051,404,0,0,2,Mobile
553,5/4/2025,1092,2089,401,0,827.04,7.3,Catalog
554,5/4/2025,1196,2031,403,1,1526.31,10.2,Online
555,5/4/2025,1165,2078,401,3,142.01,3.7,InStore
556,5/4/2025,1192,2042,404,0,1005.66,6.3,Phone
557,5/4/2025,1002,2012,403,1,560.87,8.8,Mobile
558,5/4/2025,1130,2095,402,3,1963.16,11.5,Catalog
559,5/4/2025,1095,2050,404,1,168.1,4.8,Online
560,5/4/2025,1088,2003,404,0,385.18,2.7,InStore
561,5/4/2025,1075,2053,401,0,1830.45,12.8,Phone
562,5/4/2025,1186,2018,403,2,1301.42,7.2,Mobile
563,5/4/2025,1087,2058,402,3,2667,12.3,Catalog
564,5/4/2025,1089,2060,401,3,408.38,4.6,Online
565,5/4/2025,1184,2089,404,2,1984.9,11.7,InStore
566,5/4/2025,1017,2038,401,0,0,2,Phone
567,5/4/2025,1005,2043,401,1,786.1,6.9,Mobile
568,5/4/2025,1189,2031,402,1,2035.08,11.6,Catalog
569,5/4/2025,1084,2071,404,3,0,2,Online
570,5/4/2025,1059,2051,402,1,527.94,6.9,InStore
571,5/4/2025,1163,2084,404,3,845.55,5.7,Phone
572,5/4/2025,1007,2094,402,3,493.35,2.6,Mobile
573,5/4/2025,1151,2054,404,0,0,2,Catalog
574,5/4/2025,1180,2027,402,2,0,2,Online
575,5/4/2025,1192,2090,401,0,286.56,2.1,InStore
576,5/4/2025,1137,2023,403,2,1503.26,13.1,Phone
577,5/4/2025,1050,2058,401,2,1066.8,9,Mobile
578,5/4/2025,1171,2062,403,3,619.36,6.8,Catalog
579,5/4/2025,1156,2050,401,2,0,2,Online
580,5/4/2025,1090,2058,402,2,1066.8,7.4,InStore
581,5/4/2025,1157,2075,401,1,702.58,7.5,Phone
582,5/4/2025,1080,2015,402,2,1619.93,13.2,Mobile
583,5/4/2025,1029,2023,403,1,0,2,Catalog
584,5/4/2025,1130,2049,404,1,845.86,7.5,Online
585,5/4/2025,1147,2049,404,1,845.86,8.8,InStore
586,5/4/2025,1124,2081,402,1,2686.39,14.5,Phone
587,5/4/2025,1125,2036,402,1,588.55,7.6,Mobile
588,5/4/2025,1080,2057,401,2,699.17,5.6,Catalog
589,5/4/2025,1002,2062,402,1,1114.85,7.7,Online
590,5/4/2025,1098,2071,404,3,1845.48,13.6,InStore
591,5/4/2025,1175,2062,404,3,1858.08,14.2,Phone
592,5/4/2025,1125,2021,401,0,1670.82,14.3,Mobile
593,5/4/2025,1194,2028,403,0,637.94,6.4,Catalog
594,5/4/2025,1070,2028,403,1,0,2,Online
595,5/4/2025,1199,2058,404,0,2667,11.7,InStore
596,5/4/2025,1146,2014,403,2,0,2,Phone
597,5/4/2025,1138,2096,401,3,2688.72,14.6,Mobile
598,5/4/2025,1139,2027,404,0,258.61,2.1,Catalog
599,5/4/2025,1188,2083,402,2,1229.06,5.1,Online
600,5/4/2025,1008,2057,403,2,699.17,6,InStore
601,5/4/2025,1022,2056,401,1,2361.24,10.3,Phone
602,5/4/2025,1053,2094,403,3,493.35,2.6,Mobile
603,5/4/2025,1042,2078,402,1,127.81,4.1,Catalog
604,5/4/2025,1052,2007,403,2,2333.56,11.5,Online
605,5/4/2025,1152,2068,402,2,656.19,5,InStore
606,5/4/2025,1180,2037,403,2,288.11,2,Phone
607,5/4/2025,1131,2086,401,1,2414.07,11.4,Mobile
608,5/4/2025,1192,2052,401,2,0,2,Catalog
609,5/4/2025,1167,2016,402,1,290.72,3,Online
610,5/4/2025,1037,2091,403,1,0,2,InStore
611,5/4/2025,1194,2086,404,3,0,2,Phone
612,5/4/2025,1036,2073,403,3,1997.72,12.3,Mobile
613,5/4/2025,1096,2057,401,0,1310.94,8.6,Catalog
614,5/4/2025,1103,2065,403,2,376.27,4.5,Online
615,5/4/2025,1116,2062,403,0,1238.72,7.2,InStore
616,5/4/2025,1198,2093,401,3,0,2,Phone
617,5/4/2025,1162,2085,403,0,0,2,Mobile
618,5/4/2025,1136,2050,402,3,933.9,7.7,Catalog
619,5/4/2025,1054,2063,403,2,441.97,5,Online
620,5/4/2025,1072,2043,402,3,4367.25,10.5,InStore
621,5/4/2025,1087,2087,401,0,637.28,5.9,Phone
622,5/4/2025,1025,2080,404,0,3329.04,13.7,Mobile
623,5/4/2025,1031,2020,404,3,1127.49,7.2,Catalog
624,5/4/2025,1000,2054,402,1,1620.92,13.9,Online
625,5/4/2025,1166,2038,402,2,2223.62,10.8,InStore
626,5/4/2025,1023,2083,403,2,1229.06,5,Phone
627,5/4/2025,1021,2047,402,0,1674.9,10.6,Mobile
628,5/4/2025,1101,2080,403,1,3745.17,13.2,Catalog
629,5/4/2025,1109,2083,401,0,768.16,7,Online
630,5/4/2025,1000,2027,404,0,517.22,8.8,InStore
631,5/4/2025,1033,2075,402,3,780.64,8.9,Phone
632,5/4/2025,1002,2001,403,0,824.7,6.4,Mobile
633,5/4/2025,1108,2088,402,3,3546.75,10.8,Catalog
634,5/4/2025,1018,2029,404,0,27.02,2.3,Online
635,5/4/2025,1187,2013,401,2,2993.15,13.3,InStore
636,5/4/2025,1094,2038,402,3,926.51,8.2,Phone
637,5/4/2025,1198,2096,402,1,1814.89,12.8,Mobile
638,5/4/2025,1017,2067,401,1,523.71,7,Catalog
639,5/4/2025,1112,2044,402,1,560.47,6.9,Online
640,5/4/2025,1105,2078,404,1,383.43,3.3,InStore
641,5/4/2025,1022,2012,402,0,623.19,7.1,Phone
642,5/4/2025,1150,2093,404,2,1814.26,12.2,Mobile
643,5/4/2025,1109,2040,402,1,31.09,4.6,Catalog
644,5/4/2025,1070,2082,401,1,719.82,5.1,Online
645,5/4/2025,1141,2076,403,0,3224.28,13.7,InStore
646,5/4/2025,1168,2038,402,1,1667.72,12.8,Phone
647,5/4/2025,1191,2050,403,0,560.34,8.8,Mobile
648,5/4/2025,1005,2030,404,3,679.88,8,Catalog
649,5/4/2025,1028,2030,404,0,509.91,6.6,Online
650,5/4/2025,1135,2001,403,2,989.64,7.2,InStore
651,5/4/2025,1033,2049,404,2,751.87,8.7,Phone
652,5/4/2025,1139,2087,402,3,0,2,Mobile
653,5/4/2025,1197,2009,401,0,265.24,3.2,Catalog
654,5/4/2025,1003,2033,402,0,836.25,8.7,Online
655,5/4/2025,1015,2050,403,3,560.34,6.6,InStore
656,5/4/2025,1108,2089,404,0,413.52,5,Phone
657,5/4/2025,1163,2068,402,2,3280.96,10.7,Mobile
658,5/4/2025,1021,2039,401,1,878.8,7.6,Catalog
659,5/4/2025,1039,2068,403,3,2460.72,14.3,Online
660,5/4/2025,1150,2081,401,2,1193.95,6.7,InStore
661,5/4/2025,1178,2055,402,0,53.94,3.8,Phone
662,5/4/2025,1062,2011,404,0,0,2,Mobile
663,5/4/2025,1116,2078,401,2,0,2,Catalog
664,5/4/2025,1170,2094,402,0,986.7,6,Online
665,5/4/2025,1003,2090,402,0,143.28,2.7,InStore
666,5/4/2025,1041,2063,403,2,1325.9,8,Phone
667,5/4/2025,1042,2047,402,2,803.95,8,Mobile
668,5/4/2025,1187,2015,401,2,0,2,Catalog
669,5/4/2025,1109,2034,401,2,326.81,4.5,Online
670,5/4/2025,1182,2073,401,3,499.43,4.6,InStore
671,5/4/2025,1116,2065,403,0,470.34,2.5,Phone
672,5/4/2025,1127,2072,402,2,1008.72,5.7,Mobile
673,5/4/2025,1040,2032,401,0,0,2,Catalog
674,5/4/2025,1058,2094,401,0,493.35,3.9,Online
675,5/4/2025,1003,2031,401,3,1695.9,11.8,InStore
676,5/4/2025,1093,2049,402,1,1691.71,11.2,Phone
677,5/4/2025,1009,2070,404,1,30.76,2,Mobile
678,5/4/2025,1082,2031,404,2,452.24,4.2,Catalog
679,5/4/2025,1069,2009,403,0,0,2,Online
680,5/4/2025,1128,2086,401,1,804.69,6.9,InStore
681,5/4/2025,1057,2066,401,3,1548.18,13.1,Phone
682,5/4/2025,1017,2059,403,2,409.64,2.9,Mobile
683,5/4/2025,1083,2011,404,0,1638.96,14.2,Catalog
684,5/4/2025,1094,2025,403,2,223.7,3.2,Online
685,5/4/2025,1189,2079,402,3,3802.16,13.2,InStore
686,5/4/2025,1094,2075,404,1,702.58,8.4,Phone
687,5/4/2025,1187,2069,402,1,627.45,9,Mobile
688,5/4/2025,1001,2052,401,1,0,2,Catalog
689,5/4/2025,1138,2044,401,2,166.06,4.4,Online
690,5/4/2025,1000,2097,404,2,1347.36,7.9,InStore
691,5/4/2025,1026,2026,402,3,211.56,4.9,Phone
692,5/4/2025,1125,2007,402,2,933.42,7.4,Mobile
693,5/4/2025,1023,2005,402,3,1286.34,5.4,Catalog
694,5/4/2025,1179,2047,404,0,669.96,5.1,Online
695,5/4/2025,1148,2012,402,3,3115.95,12.5,InStore
696,5/4/2025,1019,2075,401,3,2341.92,10,Phone
697,5/4/2025,1169,2016,402,2,775.25,9,Mobile
698,5/4/2025,1066,2040,404,2,55.26,2.7,Catalog
699,5/4/2025,1081,2057,403,1,393.28,3.6,Online
700,5/4/2025,1019,2025,402,0,559.24,7.4,InStore
701,5/4/2025,1039,2013,402,3,4676.8,12.1,Phone
702,5/4/2025,1119,2040,404,0,69.08,4.9,Mobile
703,5/4/2025,1137,2045,402,3,0,2,Catalog
704,5/4/2025,1078,2059,403,0,1536.15,12.1,Online
705,5/4/2025,1023,2020,403,0,0,2,InStore
706,5/4/2025,1055,2041,402,0,4021.05,10.6,Phone
707,5/4/2025,1182,2031,403,3,1695.9,14.4,Mobile
708,5/4/2025,1131,2006,403,2,475.2,2.8,Catalog
709,5/4/2025,1044,2003,404,3,1155.54,7.7,Online
710,5/4/2025,1142,2095,402,0,2453.95,10.2,InStore
711,5/4/2025,1118,2013,402,0,1870.72,11.6,Phone
712,5/4/2025,1003,2007,402,1,1050.1,7.2,Mobile
713,5/4/2025,1050,2051,403,0,117.32,3.3,Catalog
714,5/4/2025,1149,2075,403,0,780.64,7.8,Online
715,5/4/2025,1005,2008,402,3,466.13,2,InStore
716,5/4/2025,1032,2011,403,0,409.74,2.5,Phone
717,5/4/2025,1010,2059,401,1,921.69,6.2,Mobile
718,5/4/2025,1146,2055,404,3,0,2,Catalog
719,5/4/2025,1007,2048,404,1,1287.47,7.5,Online
720,5/4/2025,1090,2027,402,2,413.78,4.8,InStore
721,5/4/2025,1071,2057,402,0,1310.94,8.7,Phone
722,5/4/2025,1157,2079,402,2,2281.3,13.4,Mobile
723,5/4/2025,1127,2052,404,0,2193.78,13.6,Catalog
724,5/4/2025,1022,2035,404,1,1619.98,12.7,Online
725,5/4/2025,1107,2025,402,0,279.62,4.6,InStore
726,5/4/2025,1097,2091,403,3,2717.37,13,Phone
727,5/4/2025,1139,2062,403,2,1486.46,7.2,Mobile
728,5/4/2025,1099,2034,402,0,408.51,4.8,Catalog
729,5/4/2025,1081,2076,402,0,2418.21,14.6,Online
730,5/4/2025,1199,2035,401,3,2699.97,13.5,InStore
731,5/4/2025,1135,2045,402,1,842.78,5.9,Phone
732,5/4/2025,1025,2031,402,2,904.48,6.6,Mobile
733,5/4/2025,1136,2094,401,1,0,2,Catalog
734,5/4/2025,1147,2049,403,1,3383.42,12,Online
735,5/4/2025,1045,2030,403,2,407.93,3,InStore
736,5/4/2025,1151,2003,403,1,693.32,8.3,Phone
737,5/4/2025,1144,2024,404,2,298.25,4.6,Mobile
738,5/4/2025,1044,2062,401,0,1238.72,6.2,Catalog
739,5/4/2025,1014,2029,402,0,13.51,2.7,Online
740,5/4/2025,1134,2061,401,2,639.74,8.8,InStore
741,5/4/2025,1157,2025,402,2,671.09,8,Phone
742,5/4/2025,1183,2022,403,0,2684.72,12.7,Mobile
743,5/4/2025,1005,2018,402,0,542.26,5.4,Catalog
744,5/4/2025,1134,2046,401,2,53.49,3.1,Online
745,5/4/2025,1180,2084,404,0,281.85,5,InStore
746,5/4/2025,1086,2038,403,1,1667.72,14.4,Phone
747,5/4/2025,1040,2093,404,3,755.94,5.3,Mobile
748,5/4/2025,1166,2040,402,2,27.63,4,Catalog
749,5/4/2025,1057,2085,402,3,1452.9,5.5,Online
750,5/4/2025,1078,2093,403,1,0,2,InStore
751,5/4/2025,1045,2093,401,3,2267.82,10.9,Phone
752,5/4/2025,1197,2072,401,1,1513.08,11.4,Mobile
753,5/4/2025,1154,2040,402,0,69.08,3.3,Catalog
754,5/4/2025,1127,2018,403,0,0,2,Online
755,5/4/2025,1060,2044,403,1,934.11,7.8,InStore
756,5/4/2025,1162,2011,403,3,1229.22,8.8,Phone
757,5/4/2025,1002,2033,402,1,3010.5,10.5,Mobile
758,5/4/2025,1177,2008,403,2,159.82,4,Catalog
759,5/4/2025,1027,2092,401,0,482.21,4.9,Online
760,5/4/2025,1098,2056,404,1,944.5,5.8,InStore
761,5/4/2025,1105,2063,404,2,2209.84,13.4,Phone
762,5/4/2025,1139,2048,401,3,357.63,4.7,Mobile
763,5/4/2025,1147,2083,402,1,691.34,8.7,Catalog
764,5/4/2025,1115,2009,401,2,53.05,3.3,Online
765,5/4/2025,1005,2040,403,0,103.62,3.8,InStore
766,5/4/2025,1018,2043,402,3,2620.35,14,Phone
767,5/4/2025,1041,2093,401,0,755.94,8.6,Mobile
768,5/4/2025,1086,2076,404,0,0,2,Catalog
769,5/4/2025,1110,2083,402,3,768.16,8,Online
770,5/4/2025,1040,2006,401,2,0,2,InStore
771,5/4/2025,1052,2024,404,2,298.25,4.9,Phone
772,5/4/2025,1169,2036,403,1,392.36,3.4,Mobile
773,5/4/2025,1024,2006,404,3,0,2,Catalog
774,5/4/2025,1039,2006,403,0,198,2.6,Online
775,5/4/2025,1109,2011,403,3,1638.96,12.3,InStore
776,5/4/2025,1051,2012,401,1,1121.74,8.5,Phone
777,5/4/2025,1043,2081,403,0,746.22,6.6,Mobile
778,5/4/2025,1121,2014,403,3,985.2,7.2,Catalog
779,5/4/2025,1120,2062,403,0,2477.44,10,Online
780,5/4/2025,1164,2069,404,1,0,2,InStore
781,5/4/2025,1094,2048,403,1,321.87,2.9,Phone
782,5/4/2025,1114,2005,403,3,428.78,4.5,Mobile
783,5/4/2025,1119,2033,402,2,1338,6.5,Catalog
784,5/4/2025,1144,2007,402,0,1166.78,5.6,Online
785,5/4/2025,1021,2085,403,3,0,2,InStore
786,5/4/2025,1193,2075,402,0,1561.28,12.4,Phone
787,5/4/2025,1099,2066,404,3,0,2,Mobile
788,5/4/2025,1146,2030,404,2,543.9,7.5,Catalog
789,5/4/2025,1020,2050,401,1,168.1,4.2,Online
790,5/4/2025,1030,2096,404,1,3024.81,11.7,InStore
791,5/4/2025,1042,2027,402,1,232.75,4.5,Phone
792,5/4/2025,1010,2054,401,3,900.51,8.3,Mobile
793,5/4/2025,1051,2080,402,2,0,2,Catalog
794,5/4/2025,1081,2093,401,0,755.94,6.6,Online
795,5/4/2025,1099,2071,404,2,984.26,5.1,InStore
796,5/4/2025,1070,2066,404,0,0,2,Phone
797,5/4/2025,1179,2079,404,0,2851.62,10.4,Mobile
798,5/4/2025,1106,2019,402,0,3735.72,14.8,Catalog
799,5/4/2025,1027,2072,401,2,672.48,6.5,Online
800,5/4/2025,1137,2044,404,2,830.32,5.4,InStore
801,5/4/2025,1098,2083,404,3,2304.48,13.2,Phone
802,5/4/2025,1009,2022,403,3,2684.72,12.6,Mobile
803,5/4/2025,1036,2079,404,0,950.54,5.9,Catalog
804,5/4/2025,1101,2042,402,0,335.22,2.5,Online
805,5/4/2025,1190,2060,403,2,0,2,InStore
806,5/4/2025,1005,2043,403,2,2096.28,10.3,Phone
807,5/4/2025,1071,2062,401,1,557.42,7.8,Mobile
808,5/4/2025,1034,2038,404,2,2223.62,14.9,Catalog
809,5/4/2025,1068,2093,404,0,2267.82,10.6,Online
810,5/4/2025,1048,2056,402,3,524.72,6,InStore
811,5/4/2025,1189,2062,403,0,1858.08,13.8,Phone
812,5/4/2025,1131,2020,401,2,0,2,Mobile
813,5/4/2025,1181,2064,404,1,264.64,4.1,Catalog
814,5/4/2025,1199,2067,401,1,0,2,Online
815,5/4/2025,1049,2025,401,1,503.32,7.6,InStore
816,5/4/2025,1008,2058,401,2,533.4,6.9,Phone
817,5/4/2025,1180,2025,403,2,894.78,8.7,Mobile
818,5/4/2025,1118,2064,404,0,882.12,8,Catalog
819,5/4/2025,1174,2003,402,2,308.14,2.7,Online
820,5/4/2025,1125,2076,404,1,725.46,8.5,InStore
821,5/4/2025,1121,2075,403,2,2498.05,12.1,Phone
822,5/4/2025,1041,2033,401,2,669,6.9,Mobile
823,5/4/2025,1007,2049,401,1,845.86,6.6,Catalog
824,5/4/2025,1146,2099,402,1,581.69,8.8,Online
825,5/4/2025,1165,2028,402,2,1531.06,14.8,InStore
826,5/4/2025,1166,2052,401,0,731.26,7.3,Phone
827,5/4/2025,1121,2016,402,0,646.04,8.2,Mobile
828,5/4/2025,1057,2032,403,2,3782.4,11.3,Catalog
829,5/4/2025,1108,2048,403,3,357.63,4.2,Online
830,5/4/2025,1064,2027,404,2,413.78,2.7,InStore
831,5/4/2025,1173,2066,404,0,2580.3,13.2,Phone
832,5/4/2025,1001,2065,403,2,376.27,3.6,Mobile
833,5/4/2025,1076,2087,401,3,796.6,8.1,Catalog
834,5/4/2025,1016,2043,403,2,2795.04,11.4,Online
835,5/4/2025,1070,2033,403,1,752.62,7.7,InStore
836,5/4/2025,1038,2066,402,0,1032.12,5.7,Phone
837,5/4/2025,1153,2051,403,1,316.76,3.2,Mobile
838,5/4/2025,1184,2003,404,2,1848.86,11.9,Catalog
839,5/4/2025,1066,2053,404,3,0,2,Online
840,5/4/2025,1188,2004,402,2,2967.2,10,InStore
841,5/4/2025,1185,2091,402,3,3623.16,12.2,Phone
842,5/4/2025,1171,2045,403,1,280.93,4.1,Mobile
843,5/4/2025,1168,2071,402,2,1968.51,11,Catalog
844,5/4/2025,1024,2060,402,2,326.7,2.2,Online
845,5/4/2025,1185,2071,402,2,984.26,6.6,InStore
846,5/4/2025,1167,2011,402,2,327.79,2.5,Phone
847,5/4/2025,1057,2095,403,3,2453.95,12.9,Mobile
848,5/4/2025,1084,2047,403,2,803.95,5.6,Catalog
849,5/4/2025,1118,2015,404,0,4049.82,10.5,Online
850,5/4/2025,1162,2074,401,3,659.5,5.5,InStore
851,5/4/2025,1049,2064,401,3,882.12,9,Phone
852,5/4/2025,1135,2038,404,0,926.51,7,Mobile
853,5/4/2025,1038,2017,402,2,741.92,5.6,Catalog
854,5/4/2025,1104,2072,404,1,1134.81,5.5,Online
855,5/4/2025,1080,2091,402,0,2717.37,11.2,InStore
856,5/4/2025,1124,2042,402,2,0,2,Phone
857,5/4/2025,1162,2007,401,3,583.39,6.9,Mobile
858,5/4/2025,1070,2026,402,1,190.4,3.3,Catalog
859,5/4/2025,1125,2097,401,1,3031.56,10.1,Online
860,5/4/2025,1157,2055,404,3,53.94,3.9,InStore
861,5/4/2025,1109,2061,404,0,799.68,8.5,Phone
862,5/4/2025,1009,2068,402,2,0,2,Mobile
863,5/4/2025,1003,2041,402,0,2412.63,10.6,Catalog
864,5/4/2025,1173,2000,402,1,872.38,7.9,Online
865,5/4/2025,1177,2044,403,1,373.64,2.7,InStore
866,5/4/2025,1026,2049,403,1,3383.42,12.1,Phone
867,5/4/2025,1016,2005,403,2,686.05,6.3,Mobile
868,5/4/2025,1116,2093,403,3,755.94,8.5,Catalog
869,5/4/2025,1175,2017,403,3,463.7,3.4,Online
870,5/4/2025,1091,2096,402,1,1209.92,5,InStore
871,5/4/2025,1103,2002,402,1,779.4,6.6,Phone
872,5/4/2025,1186,2016,402,0,646.04,6.8,Mobile
873,5/4/2025,1150,2064,402,0,294.04,3.6,Catalog
874,5/4/2025,1093,2091,401,3,2717.37,10.6,Online
875,5/4/2025,1163,2032,401,0,0,2,InStore
876,5/4/2025,1169,2013,401,0,935.36,5,Phone
877,5/4/2025,1176,2014,404,3,1231.5,5.1,Mobile
878,5/4/2025,1097,2015,403,3,2699.88,10.2,Catalog
879,5/4/2025,1179,2019,402,0,1867.86,11.9,Online
880,5/4/2025,1077,2053,401,2,976.24,7.6,InStore
881,5/4/2025,1159,2077,402,3,561.83,7,Phone
882,5/4/2025,1026,2065,401,2,1881.36,13.8,Mobile
883,5/4/2025,1029,2013,404,1,0,2,Catalog
884,5/4/2025,1155,2025,403,1,503.32,8.2,Online
885,5/4/2025,1091,2090,404,2,171.94,4.5,InStore
886,5/4/2025,1041,2005,404,1,385.9,4.4,Phone
887,5/4/2025,1176,2061,403,1,359.86,2.9,Mobile
888,5/4/2025,1000,2001,401,0,1649.4,12.7,Catalog
889,5/4/2025,1146,2085,404,1,653.81,6.3,Online
890,5/4/2025,1023,2099,401,0,1292.64,5,InStore
891,5/4/2025,1065,2082,402,3,266.6,4.8,Phone
892,5/4/2025,1075,2033,404,0,2508.75,14,Mobile
893,5/4/2025,1025,2022,401,2,1073.89,6.2,Catalog
894,5/4/2025,1092,2086,403,3,894.1,8.2,Online
895,5/4/2025,1189,2014,401,0,0,2,InStore
896,5/4/2025,1002,2017,402,2,0,2,Phone
897,5/4/2025,1091,2056,403,0,1049.44,7.1,Mobile
898,5/4/2025,1095,2043,402,0,0,2,Catalog
899,5/4/2025,1102,2051,404,2,93.86,3,Online
900,5/4/2025,1098,2088,404,3,0,2,InStore
901,5/4/2025,1166,2021,401,1,0,2,Phone
902,5/4/2025,1178,2092,401,1,867.98,5.8,Mobile
903,5/4/2025,1026,2053,404,3,1830.45,14.1,Catalog
904,5/4/2025,1046,2078,404,2,454.43,4.7,Online
905,5/4/2025,1156,2003,402,3,1925.9,13.9,InStore
906,5/4/2025,1124,2014,404,3,0,2,Phone
907,5/4/2025,1011,2008,403,2,106.54,4.7,Mobile
908,5/4/2025,1003,2090,402,2,57.31,4.9,Catalog
909,5/4/2025,1132,2066,401,3,1548.18,11.1,Online
910,5/4/2025,1169,2093,402,3,755.94,7,InStore
911,5/4/2025,1088,2084,404,1,0,2,Phone
912,5/4/2025,1142,2078,401,0,568.04,7.3,Mobile
913,5/4/2025,1164,2020,404,3,1879.15,12.3,Catalog
914,5/4/2025,1042,2009,404,2,53.05,2,Online
915,5/4/2025,1061,2042,403,0,167.61,4.2,InStore
916,5/4/2025,1129,2028,404,3,2551.76,14.6,Phone
917,5/4/2025,1060,2010,404,3,544.88,5.5,Mobile
918,5/4/2025,1146,2057,401,3,436.98,5,Catalog
919,5/4/2025,1114,2040,401,3,34.54,4.5,Online
920,5/4/2025,1190,2083,401,0,2304.48,10.4,InStore
921,5/4/2025,1103,2052,401,0,2193.78,14.6,Phone
922,5/4/2025,1023,2077,403,1,505.65,6.8,Mobile
923,5/4/2025,1167,2085,404,2,387.44,2.5,Catalog
924,5/4/2025,1093,2006,402,3,594,7.4,Online
925,5/4/2025,1084,2071,404,2,492.13,2.1,InStore
926,5/4/2025,1183,2057,401,0,873.96,7.4,Phone
927,5/4/2025,1194,2084,402,0,563.7,7.4,Mobile
928,5/4/2025,1087,2045,403,2,499.42,3.8,Catalog
929,5/4/2025,1179,2013,401,1,1683.65,10.5,Online
930,5/4/2025,1126,2017,404,0,927.4,7,InStore
931,5/4/2025,1065,2078,402,1,127.81,2,Phone
932,5/4/2025,1030,2050,402,3,186.78,3.6,Mobile
933,5/4/2025,1005,2024,403,0,621.35,6.5,Catalog
934,5/4/2025,1193,2053,401,0,1830.45,10.7,Online
935,5/4/2025,1197,2057,404,1,1179.85,6.5,InStore
936,5/4/2025,1127,2000,401,3,969.31,7,Phone
937,5/4/2025,1149,2061,402,1,359.86,2.1,Mobile
938,5/4/2025,1187,2016,401,3,2584.16,13.3,Catalog
939,5/4/2025,1168,2076,403,3,2418.21,14.1,Online
940,5/4/2025,1107,2077,402,2,898.93,7.1,InStore
941,5/4/2025,1101,2043,403,3,3493.8,14.5,Phone
942,5/4/2025,1034,2017,404,2,0,2,Mobile
943,5/4/2025,1179,2070,403,1,61.52,2.9,Catalog
944,5/4/2025,1051,2026,403,2,338.5,3,Online
945,5/4/2025,1172,2016,402,2,516.83,5.1,InStore
946,5/4/2025,1181,2014,403,3,246.3,4.4,Phone
947,5/4/2025,1149,2073,404,2,799.09,6,Mobile
948,5/4/2025,1108,2001,401,0,412.35,5,Catalog
949,5/4/2025,1097,2018,401,0,1084.52,6.4,Online
950,5/4/2025,1051,2034,402,2,217.87,3.9,InStore
951,5/4/2025,1174,2032,402,0,4728,14.4,Phone
952,5/4/2025,1176,2037,402,0,720.28,8.8,Mobile
953,5/4/2025,1091,2057,401,1,786.56,9,Catalog
954,5/4/2025,1190,2082,404,1,239.94,2.8,Online
955,5/4/2025,1130,2089,403,0,413.52,3.2,InStore
956,5/4/2025,1097,2049,404,2,0,2,Phone
957,5/4/2025,1141,2006,401,2,0,2,Mobile
958,5/4/2025,1051,2079,404,1,1710.97,10,Catalog
959,5/4/2025,1162,2090,403,1,257.9,4.2,Online
960,5/4/2025,1198,2092,402,2,771.54,6.6,InStore
961,5/4/2025,1114,2022,401,1,3020.31,12.4,Phone
962,5/4/2025,1044,2094,401,3,493.35,4.9,Mobile
963,5/4/2025,1010,2054,403,2,720.41,6.3,Catalog
964,5/4/2025,1033,2020,403,0,751.66,5.5,Online
965,5/4/2025,1084,2059,402,0,0,2,InStore
966,5/4/2025,1039,2041,401,2,0,2,Phone
967,5/4/2025,1125,2073,403,0,1997.72,12.8,Mobile
968,5/4/2025,1005,2090,403,1,193.43,2.1,Catalog
969,5/4/2025,1047,2066,401,1,464.45,4.8,Online
970,5/4/2025,1106,2069,404,0,464.78,4.6,InStore
971,5/4/2025,1089,2028,402,2,0,2,Phone
972,5/4/2025,1084,2046,403,1,0,2,Mobile
973,5/4/2025,1192,2079,404,0,950.54,6.2,Catalog
974,5/4/2025,1029,2085,403,3,726.45,7.1,Online
975,5/4/2025,1061,2082,402,0,533.2,7.7,InStore
976,5/4/2025,1174,2041,404,0,804.21,7.1,Phone
977,5/4/2025,1098,2032,403,0,0,2,Mobile
978,5/4/2025,1132,2098,403,3,3631.44,12.1,Catalog
979,5/4/2025,1124,2005,403,1,1157.71,5.7,Online
980,5/4/2025,1082,2065,401,0,1411.02,7.1,InStore
981,5/4/2025,1042,2098,401,0,4539.3,12,Phone
982,5/4/2025,1053,2085,402,3,726.45,7.8,Mobile
983,5/4/2025,1026,2026,404,0,423.12,3.6,Catalog
984,5/4/2025,1191,2087,402,0,477.96,2.8,Online
985,5/4/2025,1117,2091,403,0,1811.58,12.6,InStore
986,5/4/2025,1022,2009,401,1,119.36,4.3,Phone
987,5/4/2025,1064,2071,401,1,1107.29,8.4,Mobile
988,5/4/2025,1066,2052,404,3,5118.82,13.6,Catalog
989,5/4/2025,1161,2051,404,2,375.42,2.6,Online
990,5/4/2025,1004,2049,401,0,939.84,7.6,InStore
991,5/4/2025,1164,2092,401,0,2893.26,13.4,Phone
992,5/4/2025,1179,2009,403,0,66.31,3,Mobile
993,5/4/2025,1074,2087,403,0,477.96,3.9,Catalog
994,5/4/2025,1072,2097,404,3,842.1,6.8,Online
995,5/4/2025,1101,2084,401,3,1127.4,5.5,InStore
996,5/4/2025,1040,2068,402,1,2952.86,12.9,Phone
997,5/4/2025,1191,2050,403,1,504.31,7.3,Mobile
998,5/4/2025,1076,2086,403,0,2682.3,13.5,Catalog
999,5/4/2025,1141,2071,402,0,1230.32,6,Online
1000,5/4/2025,1010,2000,404,0,3877.24,14.2,InStore
1001,5/4/2025,1078,2026,403,1,761.62,8.7,Phone
1002,5/4/2025,1105,2082,402,1,239.94,4.1,Mobile
1003,5/4/2025,1047,2028,403,1,1148.29,5.1,Catalog
1004,5/4/2025,1029,2023,401,3,2818.62,13.3,Online
1005,5/4/2025,1165,2070,401,2,54.69,2.6,InStore
1006,5/4/2025,1171,2008,403,0,133.18,4.6,Phone
1007,5/4/2025,1050,2092,404,2,771.54,5.6,Mobile
1008,5/4/2025,1091,2016,402,0,1292.08,8.1,Catalog
1009,5/4/2025,1072,2079,401,1,855.49,5.8,Online
1010,5/4/2025,1081,2062,404,2,495.49,2.3,InStore
1011,5/4/2025,1157,2084,403,1,253.67,4.6,Phone
1012,5/4/2025,1144,2072,403,2,672.48,8,Mobile
1013,5/4/2025,1109,2021,401,2,668.33,8.2,Catalog
1014,5/4/2025,1063,2028,404,2,510.35,8.3,Online
1015,5/4/2025,1092,2017,403,3,1854.8,10.4,InStore
1016,5/4/2025,1118,2057,403,2,699.17,7.5,Phone
1017,5/4/2025,1124,2070,401,1,30.76,2.9,Mobile
1018,5/4/2025,1165,2077,401,2,449.46,3.5,Catalog
1019,5/4/2025,1035,2068,402,2,1968.58,10.7,Online
1020,5/4/2025,1187,2080,401,0,0,2,InStore
1021,5/4/2025,1004,2064,401,3,882.12,8.6,Phone
1022,5/4/2025,1196,2075,402,0,2341.92,14.6,Mobile
1023,5/4/2025,1141,2033,404,1,0,2,Catalog
1024,5/4/2025,1093,2050,402,2,448.27,3.7,Online
1025,5/4/2025,1034,2059,401,3,1536.15,10.4,InStore
1026,5/4/2025,1093,2064,401,1,793.91,8.4,Phone
1027,5/4/2025,1157,2087,402,1,286.78,4.7,Mobile
1028,5/4/2025,1114,2020,402,1,676.49,8.8,Catalog
1029,5/4/2025,1188,2093,404,2,1814.26,10.5,Online
1030,5/4/2025,1010,2028,404,1,1148.29,8,InStore
1031,5/4/2025,1016,2033,403,1,2257.88,13.6,Phone
1032,5/4/2025,1010,2085,402,2,387.44,4.4,Mobile
1033,5/4/2025,1099,2060,404,0,0,2,Catalog
1034,5/4/2025,1010,2083,403,0,768.16,5.5,Online
1035,5/4/2025,1180,2066,403,2,1238.54,5.6,InStore
1036,5/4/2025,1148,2069,402,3,697.17,6.9,Phone
1037,5/4/2025,1167,2048,403,0,1072.89,7.8,Mobile
1038,5/4/2025,1132,2032,404,1,851.04,6.7,Catalog
1039,5/4/2025,1132,2051,403,2,187.71,4.1,Online
1040,5/4/2025,1124,2061,401,1,0,2,InStore
1041,5/4/2025,1112,2021,402,0,835.41,7.8,Phone
1042,5/4/2025,1131,2082,403,1,239.94,2.3,Mobile
1043,5/4/2025,1038,2023,402,2,0,2,Catalog
1044,5/4/2025,1154,2091,401,1,3260.84,10.2,Online
1045,5/4/2025,1106,2042,401,3,1173.27,6.1,InStore
1046,5/4/2025,1172,2061,404,1,719.71,6.2,Phone
1047,5/4/2025,1151,2020,404,0,1127.49,7.8,Mobile
1048,5/4/2025,1062,2005,402,1,385.9,3.5,Catalog
1049,5/4/2025,1034,2080,401,1,2996.14,12.5,Online
1050,5/4/2025,1014,2021,403,1,1503.74,13.1,InStore
1051,5/4/2025,1132,2051,401,2,281.57,3,Phone
1052,5/4/2025,1021,2027,404,3,775.83,6.8,Mobile
1053,5/4/2025,1123,2021,402,3,0,2,Catalog
1054,5/4/2025,1153,2018,402,2,867.62,8.9,Online
1055,5/4/2025,1042,2092,403,3,1446.63,8.9,InStore
1056,5/4/2025,1152,2075,401,1,2107.73,11.7,Phone
1057,5/4/2025,1096,2049,402,0,939.84,5,Mobile
1058,5/4/2025,1004,2025,404,1,0,2,Catalog
1059,5/4/2025,1155,2012,402,3,623.19,5.8,Online
1060,5/4/2025,1157,2076,401,0,2418.21,13.9,InStore
1061,5/4/2025,1023,2061,402,0,199.92,2.7,Phone
1062,5/4/2025,1198,2086,404,3,894.1,8.4,Mobile
1063,5/4/2025,1094,2005,404,1,771.8,8,Catalog
1064,5/4/2025,1123,2098,404,2,3631.44,12.1,Online
1065,5/4/2025,1150,2094,401,3,2466.75,12.9,InStore
1066,5/4/2025,1034,2032,404,1,1702.08,11,Phone
1067,5/4/2025,1021,2036,404,2,348.77,3.4,Mobile
1068,5/4/2025,1048,2000,401,0,4846.55,15,Catalog
1069,5/4/2025,1133,2000,404,1,872.38,7.6,Online
1070,5/4/2025,1176,2040,404,2,55.26,2.4,InStore
1071,5/4/2025,1027,2019,404,2,747.14,8.4,Phone
1072,5/4/2025,1066,2068,404,2,1968.58,13,Mobile
1073,5/4/2025,1156,2035,404,1,0,2,Catalog
1074,5/4/2025,1105,2070,404,1,0,2,Online
1075,5/4/2025,1094,2071,404,2,984.26,8.8,InStore
1076,5/4/2025,1078,2073,403,3,499.43,4.1,Phone
1077,5/4/2025,1188,2017,401,1,417.33,4.2,Mobile
1078,5/4/2025,1114,2089,402,0,827.04,6.7,Catalog
1079,5/4/2025,1054,2065,404,2,376.27,5,Online
1080,5/4/2025,1140,2078,401,1,255.62,4,InStore
1081,5/4/2025,1099,2081,401,0,1492.44,6.9,Phone
1082,5/4/2025,1037,2060,404,0,1225.14,6.2,Mobile
1083,5/4/2025,1016,2033,402,2,2007,13.2,Catalog
1084,5/4/2025,1020,2077,401,3,561.83,5.4,Online
1085,5/4/2025,1102,2078,403,0,142.01,3.1,InStore
1086,5/4/2025,1198,2022,404,3,671.18,8.9,Phone
1087,5/4/2025,1002,2025,403,1,503.32,6.5,Mobile
1088,5/4/2025,1008,2076,402,1,1450.93,7.4,Catalog
1089,5/4/2025,1172,2004,403,1,834.52,7.9,Online
1090,5/4/2025,1167,2000,402,0,969.31,6.2,InStore
1091,5/4/2025,1070,2099,404,2,1551.17,12.1,Phone
1092,5/4/2025,1171,2050,404,1,168.1,4.2,Mobile
1093,5/4/2025,1132,2001,401,0,2061.75,10.8,Catalog
1094,5/4/2025,1140,2036,403,2,348.77,2.1,Online
1095,5/4/2025,1070,2028,402,3,2551.76,11.5,InStore
1096,5/4/2025,1103,2073,401,2,0,2,Phone
1097,5/4/2025,1044,2052,401,0,2193.78,10.7,Mobile
1098,5/4/2025,1128,2037,403,0,0,2,Catalog
1099,5/4/2025,1131,2032,403,3,4728,13.4,Online
1100,5/4/2025,1096,2072,404,1,378.27,2.2,InStore
1101,5/4/2025,1193,2043,404,3,2620.35,13.5,Phone
1102,5/4/2025,1150,2003,404,0,1155.54,5.6,Mobile
1103,5/4/2025,1066,2008,404,1,59.93,2,Catalog
1104,5/4/2025,1173,2089,402,2,0,2,Online
1105,5/4/2025,1105,2045,401,2,499.42,4.9,InStore
1106,5/4/2025,1063,2036,401,3,653.94,7.1,Phone
1107,5/4/2025,1172,2095,403,0,981.58,6,Mobile
1108,5/4/2025,1141,2022,404,2,0,2,Catalog
1109,5/4/2025,1090,2027,403,1,698.25,8.4,Online
1110,5/4/2025,1191,2087,402,3,955.92,9,InStore
1111,5/4/2025,1188,2025,402,1,251.66,3.5,Phone
1112,5/4/2025,1067,2026,402,1,380.81,4.6,Mobile
1113,5/4/2025,1063,2079,403,1,1710.97,13.1,Catalog
1114,5/4/2025,1199,2013,401,0,5612.16,10.3,Online
1115,5/4/2025,1173,2084,404,0,281.85,4.3,InStore
1116,5/4/2025,1195,2069,401,3,697.17,9,Phone
1117,5/4/2025,1095,2079,403,3,950.54,7.2,Mobile
1118,5/4/2025,1147,2035,404,1,809.99,7.7,Catalog
1119,5/4/2025,1195,2065,403,3,1411.02,7.7,Online
1120,5/4/2025,1056,2096,402,0,0,2,InStore
1121,5/4/2025,1134,2054,404,0,3602.04,11.5,Phone
1122,5/4/2025,1128,2044,404,1,373.64,3,Mobile
1123,5/4/2025,1117,2015,404,2,1619.93,12.9,Catalog
1124,5/4/2025,1176,2001,401,1,371.12,4.7,Online
1125,5/4/2025,1097,2074,401,2,527.6,8.4,InStore
1126,5/4/2025,1092,2078,403,1,383.43,5,Phone
1127,5/4/2025,1140,2033,402,2,1338,6.8,Mobile
1128,5/4/2025,1120,2078,403,2,227.22,2.6,Catalog
1129,5/4/2025,1047,2063,404,1,0,2,Online
1130,5/4/2025,1107,2089,403,2,330.82,2.4,InStore
1131,5/4/2025,1102,2035,404,1,1619.98,11.4,Phone
1132,5/4/2025,1146,2016,402,0,0,2,Mobile
1133,5/4/2025,1184,2034,402,3,680.85,6.3,Catalog
1134,5/4/2025,1097,2025,402,1,1258.29,8.4,Online
1135,5/4/2025,1121,2001,402,3,0,2,InStore
1136,5/4/2025,1127,2017,403,3,0,2,Phone
1137,5/4/2025,1076,2032,401,3,6619.2,10.8,Mobile
1138,5/4/2025,1025,2088,402,0,0,2,Catalog
1139,5/4/2025,1055,2032,404,0,945.6,7.2,Online
1140,5/4/2025,1115,2095,403,2,0,2,InStore
1141,5/4/2025,1092,2046,403,2,80.23,2.6,Phone
1142,5/4/2025,1005,2052,401,2,1170.02,8.8,Mobile
1143,5/4/2025,1173,2077,402,1,1516.94,14.8,Catalog
1144,5/4/2025,1199,2036,403,2,871.92,6.9,Online
1145,5/4/2025,1172,2065,404,3,2822.04,13.9,InStore
1146,5/4/2025,1020,2048,403,3,1072.89,7.8,Phone
1147,5/4/2025,1161,2018,402,2,1301.42,8.4,Mobile
1148,5/4/2025,1107,2080,404,0,4993.56,14.2,Catalog
1149,5/4/2025,1020,2020,403,1,1014.74,6.6,Online
1150,5/4/2025,1080,2040,403,2,55.26,4.3,InStore
1151,5/4/2025,1154,2082,404,2,639.84,7.9,Phone
1152,5/4/2025,1113,2099,403,3,646.32,7.5,Mobile
1153,5/4/2025,1105,2021,402,0,835.41,8.2,Catalog
1154,5/4/2025,1032,2093,402,2,2419.01,10.6,Online
1155,5/4/2025,1190,2089,401,1,0,2,InStore
1156,5/4/2025,1042,2050,401,0,1120.68,8.3,Phone
1157,5/4/2025,1016,2060,401,0,816.76,6.9,Mobile
1158,5/4/2025,1197,2050,401,0,560.34,6.2,Catalog
1159,5/4/2025,1067,2079,402,0,1901.08,11.9,Online
1160,5/4/2025,1167,2049,403,1,0,2,InStore
1161,5/4/2025,1063,2094,403,3,493.35,4.2,Phone
1162,5/4/2025,1160,2016,402,1,1162.87,7,Mobile
1163,5/4/2025,1007,2004,403,2,2225.4,13.4,Catalog
1164,5/4/2025,1121,2059,403,3,2048.2,12.4,Online
1165,5/4/2025,1034,2089,402,3,2481.12,12.1,InStore
1166,5/4/2025,1161,2095,404,2,392.63,4.2,Phone
1167,5/4/2025,1088,2061,402,0,799.68,5.5,Mobile
1168,5/4/2025,1113,2039,403,3,976.44,7.7,Catalog
1169,5/4/2025,1066,2019,403,0,933.93,8.1,Online
1170,5/4/2025,1000,2066,402,2,412.85,5,InStore
1171,5/4/2025,1073,2060,401,3,0,2,Phone
1172,5/4/2025,1193,2061,403,0,199.92,4.1,Mobile
1173,5/4/2025,1196,2055,403,1,194.18,3.4,Catalog
1174,5/4/2025,1001,2070,403,1,61.52,2.3,Online
1175,5/4/2025,1105,2071,404,3,615.16,6.3,InStore
1176,5/4/2025,1063,2020,404,3,375.83,5,Phone
1177,5/4/2025,1056,2033,401,3,836.25,7,Mobile
1178,5/4/2025,1160,2030,403,2,271.95,2.8,Catalog
1179,5/4/2025,1166,2095,403,3,1472.37,7.4,Online
1180,5/4/2025,1048,2008,402,1,0,2,InStore
1181,5/4/2025,1074,2014,404,3,738.9,7.5,Phone
1182,5/4/2025,1069,2089,404,1,372.17,4.8,Mobile
1183,5/4/2025,1082,2002,402,0,1732,11.8,Catalog
1184,5/4/2025,1136,2002,402,0,1732,13.3,Online
1185,5/4/2025,1072,2034,402,3,0,2,InStore
1186,5/4/2025,1186,2001,402,0,824.7,8.2,Phone
1187,5/4/2025,1038,2001,404,1,0,2,Mobile
1188,5/4/2025,1087,2053,403,3,2440.6,13.1,Catalog
1189,5/4/2025,1095,2059,401,2,1638.56,10.8,Online
1190,5/4/2025,1020,2096,402,0,2688.72,13,InStore
1191,5/4/2025,1068,2099,404,0,1938.96,10.6,Phone
1192,5/4/2025,1139,2060,402,1,1102.63,7.1,Mobile
1193,5/4/2025,1064,2048,401,0,715.26,6.3,Catalog
1194,5/4/2025,1196,2091,402,3,0,2,Online
1195,5/4/2025,1197,2056,402,0,1049.44,6.2,InStore
1196,5/4/2025,1050,2058,401,1,1800.22,12,Phone
1197,5/4/2025,1121,2049,403,2,751.87,7.1,Mobile
1198,5/4/2025,1040,2080,401,0,1664.52,12.6,Catalog
1199,5/4/2025,1064,2061,403,1,179.93,2,Online
1200,5/4/2025,1092,2006,402,0,198,3.1,InStore
1201,5/4/2025,1060,2081,404,2,1193.95,7.8,Phone
1202,5/4/2025,1003,2021,403,0,2506.23,11.5,Mobile
1203,5/4/2025,1101,2031,401,0,1130.6,9,Catalog
1204,5/4/2025,1148,2088,404,1,0,2,Online
1205,5/4/2025,1095,2098,401,1,2451.22,12.7,InStore
1206,5/4/2025,1040,2063,401,2,883.94,8.6,Phone
1207,5/4/2025,1194,2080,401,0,1664.52,11.6,Mobile
1208,5/4/2025,1091,2082,402,0,0,2,Catalog
1209,5/4/2025,1032,2062,402,2,1981.95,11.2,Online
1210,5/4/2025,1142,2082,403,3,799.8,7.9,InStore
1211,5/4/2025,1187,2024,401,3,372.81,2.4,Phone
1212,5/4/2025,1091,2092,402,2,385.77,2.2,Mobile
1213,5/4/2025,1010,2062,404,2,990.98,8.5,Catalog
1214,5/4/2025,1138,2089,404,1,744.34,6.8,Online
1215,5/4/2025,1145,2023,403,2,1503.26,13.9,InStore
1216,5/4/2025,1187,2059,403,1,1843.38,13.8,Phone
1217,5/4/2025,1017,2067,402,3,0,2,Mobile
1218,5/4/2025,1075,2033,403,3,836.25,7.2,Catalog
1219,5/4/2025,1000,2099,404,1,2326.75,14.2,Online
1220,5/4/2025,1004,2079,403,1,0,2,InStore
1221,5/4/2025,1082,2092,401,3,0,2,Phone
1222,5/4/2025,1048,2067,404,1,785.56,7.2,Mobile
1223,5/4/2025,1156,2036,403,3,0,2,Catalog
1224,5/4/2025,1164,2041,401,0,804.21,6.2,Online
1225,5/4/2025,1133,2084,401,0,0,2,InStore
1226,5/4/2025,1033,2022,401,1,604.06,7.5,Phone
1227,5/4/2025,1027,2062,402,0,1238.72,7.5,Mobile
1228,5/4/2025,1008,2073,404,3,1498.29,8.8,Catalog
1229,5/4/2025,1134,2079,403,0,950.54,7.2,Online
1230,5/4/2025,1093,2028,401,0,1275.88,8.1,InStore
1231,5/4/2025,1053,2083,404,0,2304.48,11.7,Phone
1232,5/4/2025,1119,2081,401,2,0,2,Mobile
1233,5/4/2025,1142,2095,404,2,1177.9,6.6,Catalog
1234,5/4/2025,1181,2007,403,0,583.39,6.1,Online
1235,5/4/2025,1187,2009,403,0,265.24,2.1,InStore
1236,5/4/2025,1055,2066,401,0,2580.3,12.4,Phone
1237,5/4/2025,1185,2029,404,1,12.16,4.2,Mobile
1238,5/4/2025,1049,2067,402,1,261.86,2.3,Catalog
1239,5/4/2025,1142,2095,404,0,1963.16,11.5,Online
1240,5/4/2025,1196,2081,403,3,746.22,7.6,InStore
1241,5/4/2025,1179,2085,404,0,242.15,2.2,Phone
1242,5/4/2025,1042,2023,404,2,2254.9,14.1,Mobile
1243,5/4/2025,1168,2020,404,2,601.33,6.7,Catalog
1244,5/4/2025,1080,2070,403,2,0,2,Online
1245,5/4/2025,1105,2097,404,2,673.68,7.8,InStore
1246,5/4/2025,1155,2030,402,3,509.91,6.8,Phone
1247,5/4/2025,1196,2070,403,2,27.34,3.4,Mobile
1248,5/4/2025,1115,2057,404,0,1747.92,14.8,Catalog
1249,5/4/2025,1185,2004,403,0,2781.75,13.1,Online
1250,5/4/2025,1132,2017,403,0,0,2,InStore
1251,5/4/2025,1076,2028,402,2,1020.7,6.1,Phone
1252,5/4/2025,1005,2098,403,1,3268.3,11.2,Mobile
1253,5/4/2025,1024,2004,404,2,1483.6,8.8,Catalog
1254,5/4/2025,1039,2017,403,2,370.96,4.5,Online
1255,5/4/2025,1149,2031,402,2,904.48,6.4,InStore
1256,5/4/2025,1076,2011,404,1,737.53,8.4,Phone
1257,5/4/2025,1187,2009,403,3,198.93,3.5,Mobile
1258,5/4/2025,1044,2062,401,2,495.49,2.8,Catalog
1259,5/4/2025,1009,2093,404,0,0,2,Online
1260,5/4/2025,1199,2007,403,2,1400.14,5.3,InStore
1261,5/4/2025,1111,2053,401,1,3294.81,10,Phone
1262,5/4/2025,1191,2083,401,3,768.16,7.6,Mobile
1263,5/4/2025,1013,2039,401,2,1562.3,12.9,Catalog
1264,5/4/2025,1138,2072,402,2,672.48,8,Online
1265,5/4/2025,1128,2089,402,1,744.34,6.8,InStore
1266,5/4/2025,1012,2086,404,3,2682.3,11,Phone
1267,5/4/2025,1192,2076,401,1,1450.93,6.7,Mobile
1268,5/4/2025,1110,2037,404,1,324.13,2.2,Catalog
1269,5/4/2025,1033,2043,401,3,4367.25,13,Online
1270,5/4/2025,1146,2095,401,3,1963.16,11.8,InStore
1271,5/4/2025,1067,2010,404,3,0,2,Phone
1272,5/4/2025,1198,2089,402,1,744.34,5.7,Mobile
1273,5/4/2025,1123,2071,402,3,1845.48,12.5,Catalog
1274,5/4/2025,1101,2083,402,1,2074.03,10,Online
1275,5/4/2025,1062,2009,403,3,66.31,2.7,InStore
1276,5/4/2025,1082,2087,401,0,318.64,4.9,Phone
1277,5/4/2025,1171,2052,404,2,0,2,Mobile
1278,5/4/2025,1089,2024,403,2,298.25,2.2,Catalog
1279,5/4/2025,1152,2083,401,2,1843.58,10.4,Online
1280,5/4/2025,1043,2044,404,1,373.64,3.9,InStore
1281,5/4/2025,1112,2005,402,1,0,2,Phone
1282,5/4/2025,1175,2047,402,0,1004.94,5.1,Mobile
1283,5/4/2025,1028,2094,401,1,888.03,8.5,Catalog
1284,5/4/2025,1158,2018,403,0,2169.04,11.3,Online
1285,5/4/2025,1087,2088,401,2,567.48,6.5,InStore
1286,5/4/2025,1115,2060,401,2,980.11,5.2,Phone
1287,5/4/2025,1053,2094,402,1,888.03,5.9,Mobile
1288,5/4/2025,1139,2066,403,3,2580.3,11.1,Catalog
1289,5/4/2025,1159,2093,402,0,0,2,Online
1290,5/4/2025,1096,2074,401,2,1055.2,6.4,InStore
1291,5/4/2025,1043,2007,403,1,525.05,6.1,Phone
1292,5/4/2025,1178,2079,403,0,950.54,5.6,Mobile
1293,5/4/2025,1119,2083,401,0,768.16,7,Catalog
1294,5/4/2025,1099,2084,403,2,0,2,Online
1295,5/4/2025,1027,2002,403,3,866,5.8,InStore
1296,5/4/2025,1059,2048,401,2,572.21,7.3,Phone
1297,5/4/2025,1124,2076,401,1,2176.39,13.7,Mobile
1298,5/4/2025,1050,2064,404,0,1470.2,7.4,Catalog
1299,5/4/2025,1010,2031,403,2,1356.72,7.6,Online
1300,5/4/2025,1125,2050,402,0,373.56,3.5,InStore
1301,5/4/2025,1088,2087,403,2,509.82,6,Phone
1302,5/4/2025,1160,2038,402,2,2223.62,13.7,Mobile
1303,5/4/2025,1015,2080,403,3,2496.78,13.4,Catalog
1304,5/4/2025,1007,2071,403,1,553.64,8.5,Online
1305,5/4/2025,1038,2043,404,1,786.1,7.7,InStore
1306,5/4/2025,1022,2093,404,1,2721.38,10.5,Phone
1307,5/4/2025,1106,2030,402,3,1019.82,8.6,Mobile
1308,5/4/2025,1079,2077,403,3,561.83,9,Catalog
1309,5/4/2025,1138,2016,402,1,872.15,5.3,Online
1310,5/4/2025,1148,2069,402,1,418.3,3.1,InStore
1311,5/4/2025,1079,2088,402,3,709.35,8.8,Phone
1312,5/4/2025,1197,2018,402,2,867.62,7,Mobile
1313,5/4/2025,1017,2071,401,1,553.64,5.7,Catalog
1314,5/4/2025,1081,2018,401,2,867.62,5,Online
1315,5/4/2025,1105,2052,403,3,731.26,5.4,InStore
1316,5/4/2025,1190,2081,403,1,0,2,Phone
1317,5/4/2025,1199,2024,401,1,223.69,4.4,Mobile
1318,5/4/2025,1047,2003,403,1,346.66,3.2,Catalog
1319,5/4/2025,1152,2029,402,0,27.02,4,Online
1320,5/4/2025,1091,2010,404,1,210.17,3.5,InStore
1321,5/4/2025,1128,2077,404,2,0,2,Phone
1322,5/4/2025,1047,2049,404,3,0,2,Mobile
1323,5/4/2025,1035,2020,402,1,676.49,8.2,Catalog
1324,5/4/2025,1008,2052,401,2,585.01,7.1,Online
1325,5/4/2025,1105,2028,402,1,1148.29,6.5,InStore
1326,5/4/2025,1016,2022,404,3,2684.72,10.3,Phone
1327,5/4/2025,1176,2041,404,1,1447.58,8.5,Mobile
1328,5/4/2025,1109,2051,401,3,469.28,3.2,Catalog
1329,5/4/2025,1184,2040,404,0,103.62,4.6,Online
1330,5/4/2025,1133,2013,404,3,3741.44,13.7,InStore
1331,5/4/2025,1010,2031,404,0,1130.6,5.2,Phone
1332,5/4/2025,1142,2049,401,1,0,2,Mobile
1333,5/4/2025,1074,2056,404,2,839.55,6.8,Catalog
1334,5/4/2025,1198,2036,404,1,392.36,5,Online
1335,5/4/2025,1108,2037,401,1,648.25,5.5,InStore
1336,5/4/2025,1118,2082,404,0,799.8,8.7,Phone
1337,5/4/2025,1184,2064,401,1,264.64,4.5,Mobile
1338,5/4/2025,1199,2074,402,3,1978.5,10.2,Catalog
1339,5/4/2025,1105,2041,404,0,0,2,Online
1340,5/4/2025,1045,2058,402,3,0,2,InStore
1341,5/4/2025,1023,2032,403,1,1702.08,13.3,Phone
1342,5/4/2025,1183,2093,401,0,2267.82,13.7,Mobile
1343,5/4/2025,1029,2090,404,2,57.31,4.7,Catalog
1344,5/4/2025,1021,2067,404,1,261.86,2.4,Online
1345,5/4/2025,1096,2070,404,0,136.72,2.3,InStore
1346,5/4/2025,1196,2021,403,1,751.87,8.9,Phone
1347,5/4/2025,1041,2018,402,0,1084.52,6.6,Mobile
1348,5/4/2025,1107,2039,403,3,0,2,Catalog
1349,5/4/2025,1073,2080,402,0,3329.04,11.1,Online
1350,5/4/2025,1033,2025,401,2,671.09,6,InStore
1351,5/4/2025,1003,2058,404,3,2000.25,14.7,Phone
1352,5/4/2025,1139,2000,404,1,1744.76,12.3,Mobile
1353,5/4/2025,1055,2075,404,3,3122.56,12.6,Catalog
1354,5/4/2025,1104,2056,401,0,1574.16,14.9,Online
1355,5/4/2025,1062,2070,403,1,30.76,3.7,InStore
1356,5/4/2025,1012,2023,402,0,2818.62,13.5,Phone
1357,5/4/2025,1167,2044,401,1,560.47,8.6,Mobile
1358,5/4/2025,1008,2085,403,2,0,2,Catalog
1359,5/4/2025,1022,2006,401,3,990,5.3,Online
1360,5/4/2025,1045,2020,403,1,1352.99,8.8,InStore
1361,5/4/2025,1116,2095,403,0,981.58,5.3,Phone
1362,5/4/2025,1023,2098,403,2,1452.58,7.3,Mobile
1363,5/4/2025,1094,2048,401,3,1072.89,8.1,Catalog
1364,5/4/2025,1140,2008,403,3,0,2,Online
1365,5/4/2025,1034,2015,403,2,1079.95,5.5,InStore
1366,5/4/2025,1134,2052,402,1,1316.27,7.7,Phone
1367,5/4/2025,1156,2007,401,0,1750.17,10.2,Mobile
1368,5/4/2025,1123,2092,403,3,0,2,Catalog
1369,5/4/2025,1155,2040,403,2,27.63,2.6,Online
1370,5/4/2025,1033,2078,404,3,568.04,6,InStore
1371,5/4/2025,1126,2023,402,2,2254.9,14.6,Phone
1372,5/4/2025,1049,2000,401,0,3877.24,13.2,Mobile
1373,5/4/2025,1119,2080,401,1,0,2,Catalog
1374,5/4/2025,1157,2053,404,0,1830.45,11.7,Online
1375,5/4/2025,1085,2044,402,0,207.58,2,InStore
1376,5/4/2025,1163,2025,403,2,447.39,4.9,Phone
1377,5/4/2025,1017,2039,403,2,3905.76,13.7,Mobile
1378,5/4/2025,1196,2000,401,2,0,2,Catalog
1379,5/4/2025,1087,2050,401,1,168.1,4.9,Online
1380,5/4/2025,1049,2042,403,3,670.44,5.5,InStore
1381,5/4/2025,1121,2004,402,3,3709,14.7,Phone
1382,5/4/2025,1039,2080,404,2,665.81,6,Mobile
1383,5/4/2025,1118,2052,401,2,0,2,Catalog
1384,5/4/2025,1144,2092,403,0,1446.63,7.7,Online
1385,5/4/2025,1053,2073,403,2,1198.63,5.5,InStore
1386,5/4/2025,1016,2019,403,0,0,2,Phone
1387,5/4/2025,1086,2048,402,3,1072.89,8.9,Mobile
1388,5/4/2025,1047,2076,401,2,0,2,Catalog
1389,5/4/2025,1180,2040,401,2,110.53,4.7,Online
1390,5/4/2025,1105,2011,404,1,0,2,InStore
1391,5/4/2025,1095,2057,403,1,786.56,5.5,Phone
1392,5/4/2025,1134,2038,402,0,926.51,7.1,Mobile
1393,5/4/2025,1095,2004,402,0,0,2,Catalog
1394,5/4/2025,1113,2064,401,3,294.04,4.4,Online
1395,5/4/2025,1128,2019,402,2,1494.29,6.2,InStore
1396,5/4/2025,1123,2093,403,2,3023.76,11.3,Phone
1397,5/4/2025,1036,2098,401,1,817.07,8.6,Mobile
1398,5/4/2025,1052,2092,401,3,1928.84,10.7,Catalog
1399,5/4/2025,1099,2091,401,0,905.79,7,Online
1400,5/4/2025,1079,2005,401,2,1715.12,14.9,InStore
1401,5/4/2025,1119,2005,401,2,686.05,5.5,Phone
1402,5/4/2025,1005,2073,403,1,0,2,Mobile
1403,5/4/2025,1082,2025,402,2,223.7,3.8,Catalog
1404,5/4/2025,1070,2068,403,3,2460.72,14.5,Online
1405,5/4/2025,1171,2015,403,1,0,2,InStore
1406,5/4/2025,1040,2035,401,0,899.99,8.4,Phone
1407,5/4/2025,1159,2071,401,1,1660.93,14.6,Mobile
1408,5/4/2025,1138,2044,403,2,0,2,Catalog
1409,5/4/2025,1036,2090,403,1,0,2,Online
1410,5/4/2025,1043,2009,403,2,106.1,2.8,InStore
1411,5/4/2025,1138,2056,401,1,944.5,5.4,Phone
1412,5/4/2025,1007,2060,401,0,816.76,8.9,Mobile
1413,5/4/2025,1098,2006,401,3,990,8.3,Catalog
1414,5/4/2025,1100,2022,404,2,1610.83,12.7,Online
1415,5/4/2025,1079,2042,402,0,167.61,3.8,InStore
1416,5/4/2025,1193,2097,404,1,2273.67,14.7,Phone
1417,5/4/2025,1023,2089,404,0,413.52,3.4,Mobile
1418,5/4/2025,1116,2039,404,3,3905.76,12.5,Catalog
1419,5/4/2025,1059,2028,402,2,1531.06,14.6,Online
1420,5/4/2025,1093,2050,402,2,298.85,3.1,InStore
1421,5/4/2025,1083,2058,404,0,2000.25,14.6,Phone
1422,5/4/2025,1016,2060,401,2,653.41,6.2,Mobile
1423,5/4/2025,1122,2059,402,2,1228.92,6,Catalog
1424,5/4/2025,1196,2044,402,0,207.58,2,Online
1425,5/4/2025,1103,2091,401,2,2173.9,10.8,InStore
1426,5/4/2025,1142,2083,401,2,1229.06,7.6,Phone
1427,5/4/2025,1136,2059,404,3,2560.25,13.2,Mobile
1428,5/4/2025,1061,2079,402,1,2566.46,12.3,Catalog
1429,5/4/2025,1123,2049,401,2,751.87,7.9,Online
1430,5/4/2025,1053,2088,404,3,709.35,7.7,InStore
1431,5/4/2025,1145,2043,402,1,1572.21,13.1,Phone
1432,5/4/2025,1169,2085,401,3,1210.75,7.1,Mobile
1433,5/4/2025,1029,2075,404,2,1249.02,5.6,Catalog
1434,5/4/2025,1142,2012,404,1,1682.61,14.8,Online
1435,5/4/2025,1078,2051,401,0,117.32,4.2,InStore
1436,5/4/2025,1175,2076,404,2,1289.71,8.7,Phone
1437,5/4/2025,1126,2082,401,0,1066.4,5.9,Mobile
1438,5/4/2025,1055,2017,401,1,1669.32,14.1,Catalog
1439,5/4/2025,1169,2019,404,2,747.14,5,Online
1440,5/4/2025,1099,2078,404,1,383.43,2.5,InStore
1441,5/4/2025,1052,2087,403,2,0,2,Phone
1442,5/4/2025,1145,2086,403,3,2682.3,14.8,Mobile
1443,5/4/2025,1183,2044,401,0,1037.9,8.1,Catalog
1444,5/4/2025,1156,2065,404,1,423.31,2,Online
1445,5/4/2025,1075,2007,403,0,1166.78,8.2,InStore
1446,5/4/2025,1000,2090,403,0,143.28,2.5,Phone
1447,5/4/2025,1072,2003,402,3,0,2,Mobile
1448,5/4/2025,1179,2075,404,2,1873.54,12.3,Catalog
1449,5/4/2025,1182,2048,404,3,357.63,3.6,Online
1450,5/4/2025,1111,2069,402,1,836.6,8.4,InStore
1451,5/4/2025,1121,2017,402,3,2782.2,10.5,Phone
1452,5/4/2025,1092,2053,402,2,1464.36,6.2,Mobile
1453,5/4/2025,1171,2016,402,0,646.04,7.7,Catalog
1454,5/4/2025,1018,2082,401,1,0,2,Online
1455,5/4/2025,1184,2062,404,1,1672.27,12.9,InStore
1456,5/4/2025,1021,2017,404,3,463.7,3.7,Phone
1457,5/4/2025,1178,2077,404,1,505.65,6,Mobile
1458,5/4/2025,1116,2065,404,3,470.34,5,Catalog
1459,5/4/2025,1098,2045,402,1,280.93,5,Online
1460,5/4/2025,1108,2077,401,3,1685.49,13.3,InStore
1461,5/4/2025,1187,2030,403,3,509.91,8.2,Phone
1462,5/4/2025,1139,2073,403,0,499.43,2.7,Mobile
1463,5/4/2025,1009,2072,404,2,0,2,Catalog
1464,5/4/2025,1028,2074,404,0,3297.5,10.8,Online
1465,5/4/2025,1036,2093,403,3,0,2,InStore
1466,5/4/2025,1132,2010,401,1,0,2,Phone
1467,5/4/2025,1120,2080,401,2,665.81,7.6,Mobile
1468,5/4/2025,1156,2006,403,0,198,4.2,Catalog
1469,5/4/2025,1120,2058,404,2,1600.2,12.9,Online
1470,5/4/2025,1107,2045,403,2,249.71,2.1,InStore
1471,5/4/2025,1042,2004,403,2,0,2,Phone
1472,5/4/2025,1015,2080,404,1,749.03,5.3,Mobile
1473,5/4/2025,1146,2006,403,0,792,8.5,Catalog
1474,5/4/2025,1073,2062,401,1,1114.85,9,Online
1475,5/4/2025,1129,2009,403,2,0,2,InStore
1476,5/4/2025,1033,2078,403,2,340.82,3.4,Phone
1477,5/4/2025,1065,2001,401,1,371.12,3.8,Mobile
1478,5/4/2025,1151,2094,402,3,493.35,4.1,Catalog
1479,5/4/2025,1094,2022,403,1,0,2,Online
1480,5/4/2025,1124,2023,401,2,2254.9,15,InStore
1481,5/4/2025,1021,2018,402,3,542.26,5,Phone
1482,5/4/2025,1192,2052,404,1,0,2,Mobile
1483,5/4/2025,1169,2056,402,1,944.5,7.6,Catalog
1484,5/4/2025,1147,2093,403,0,2267.82,12.5,Online
1485,5/4/2025,1164,2033,401,0,836.25,6.1,InStore
1486,5/4/2025,1042,2059,404,3,3072.3,13.8,Phone
1487,5/4/2025,1077,2060,402,3,1633.52,13.4,Mobile
1488,5/4/2025,1174,2090,404,3,286.56,4.7,Catalog
1489,5/4/2025,1067,2018,404,0,2169.04,11.3,Online
1490,5/4/2025,1073,2057,404,2,349.58,4.8,InStore
1491,5/4/2025,1135,2087,401,0,318.64,4.5,Phone
1492,5/4/2025,1136,2081,403,3,2238.66,13,Mobile
1493,5/4/2025,1156,2083,403,2,1229.06,6,Catalog
1494,5/4/2025,1069,2034,401,2,217.87,4.8,Online
1495,5/4/2025,1167,2074,404,3,2638,13.1,InStore
1496,5/4/2025,1197,2086,402,1,2414.07,13,Phone
1497,5/4/2025,1133,2043,402,2,1397.52,8.6,Mobile
1498,5/4/2025,1140,2001,401,0,1237.05,7.8,Catalog
1499,5/4/2025,1003,2052,401,0,731.26,8,Online
1500,5/4/2025,1175,2057,403,1,1179.85,8.9,InStore
1501,5/4/2025,1185,2036,403,1,980.91,8.9,Phone
1502,5/4/2025,1008,2003,401,0,0,2,Mobile
1503,5/4/2025,1152,2084,402,0,281.85,4.3,Catalog
1504,5/4/2025,1181,2015,401,1,1214.95,5.7,Online
1505,5/4/2025,1096,2084,402,0,0,2,InStore
1506,5/4/2025,1178,2023,403,2,1503.26,11.8,Phone
1507,5/4/2025,1119,2084,401,3,0,2,Mobile
1508,5/4/2025,1070,2098,404,2,1452.58,8.6,Catalog
1509,5/4/2025,1065,2020,401,2,300.66,2,Online
1510,5/4/2025,1198,2007,404,3,2333.56,11,InStore
1511,5/4/2025,1085,2007,403,2,933.42,5.6,Phone
1512,5/4/2025,1045,2056,401,3,3148.32,12.8,Mobile
1513,5/4/2025,1051,2078,404,1,383.43,4.7,Catalog
1514,5/4/2025,1165,2062,401,1,557.42,5.1,Online
1515,5/4/2025,1138,2098,404,1,817.07,5.1,InStore
1516,5/4/2025,1157,2082,401,3,1066.4,8.7,Phone
1517,5/4/2025,1183,2033,401,0,0,2,Mobile
1518,5/4/2025,1018,2009,403,3,0,2,Catalog
1519,5/4/2025,1004,2063,402,0,552.46,7.1,Online
1520,5/4/2025,1009,2085,404,2,193.72,2.6,InStore
1521,5/4/2025,1038,2089,403,3,1240.56,6.3,Phone
1522,5/4/2025,1147,2000,404,3,4846.55,11.4,Mobile
1523,5/4/2025,1111,2051,401,1,211.18,2.4,Catalog
1524,5/4/2025,1000,2049,404,0,5639.04,11,Online
1525,5/4/2025,1145,2068,403,2,656.19,8.1,InStore
1526,5/4/2025,1174,2038,404,0,1853.02,10.3,Phone
1527,5/4/2025,1161,2082,401,2,213.28,4.9,Mobile
1528,5/4/2025,1136,2043,401,3,3493.8,10.9,Catalog
1529,5/4/2025,1194,2098,403,1,2451.22,10.5,Online
1530,5/4/2025,1045,2070,401,3,102.54,3.5,InStore
1531,5/4/2025,1169,2024,403,3,621.35,8.3,Phone
1532,5/4/2025,1027,2080,403,3,2496.78,13.3,Mobile
1533,5/4/2025,1021,2080,404,1,2247.1,14,Catalog
1534,5/4/2025,1035,2004,402,0,1854.5,13,Online
1535,5/4/2025,1184,2075,402,3,2341.92,12.6,InStore
1536,5/4/2025,1099,2008,403,3,66.59,2.6,Phone
1537,5/4/2025,1136,2057,401,0,1310.94,7,Mobile
1538,5/4/2025,1086,2007,403,0,1750.17,14.4,Catalog
1539,5/4/2025,1103,2015,402,3,2024.91,14.2,Online
1540,5/4/2025,1173,2068,402,1,0,2,InStore
1541,5/4/2025,1018,2004,402,3,927.25,8,Phone
1542,5/4/2025,1167,2002,404,0,866,7.4,Mobile
1543,5/4/2025,1062,2089,402,0,2067.6,10,Catalog
1544,5/4/2025,1044,2080,401,2,665.81,7,Online
1545,5/4/2025,1024,2058,402,0,2000.25,13.9,InStore
1546,5/4/2025,1027,2014,404,1,443.34,2.9,Phone
1547,5/4/2025,1016,2025,404,2,671.09,9,Mobile
1548,5/4/2025,1188,2086,404,2,2861.12,10.4,Catalog
1549,5/4/2025,1030,2087,402,2,382.37,4,Online
1550,5/4/2025,1054,2097,401,1,2273.67,13.5,InStore
1551,5/4/2025,1085,2008,401,2,106.54,3.6,Phone
1552,5/4/2025,1036,2096,404,1,1814.89,14.6,Mobile
1553,5/4/2025,1178,2047,402,3,1004.94,6.1,Catalog
1554,5/4/2025,1062,2074,401,1,1187.1,5.9,Online
1555,5/4/2025,1025,2080,404,1,3745.17,11.6,InStore
1556,5/4/2025,1004,2062,401,0,2477.44,12.6,Phone
1557,5/4/2025,1001,2022,401,2,536.94,6.7,Mobile
1558,5/4/2025,1106,2088,404,1,1276.83,7.3,Catalog
1559,5/4/2025,1052,2018,403,3,2169.04,11.8,Online
1560,5/4/2025,1105,2030,402,0,339.94,2.5,InStore
1561,5/4/2025,1152,2023,404,0,1879.08,10,Phone
1562,5/4/2025,1160,2038,403,3,0,2,Mobile
1563,5/4/2025,1001,2071,402,1,1660.93,13.8,Catalog
1564,5/4/2025,1030,2067,401,2,465.52,2.2,Online
1565,5/4/2025,1194,2069,402,3,929.56,5.3,InStore
1566,5/4/2025,1197,2080,402,2,1331.62,7.5,Phone
1567,5/4/2025,1013,2024,401,1,335.53,3.2,Mobile
1568,5/4/2025,1175,2060,404,1,735.08,7.6,Catalog
1569,5/4/2025,1040,2085,401,0,484.3,4.4,Online
1570,5/4/2025,1165,2046,403,1,60.17,3.2,InStore
1571,5/4/2025,1111,2032,403,3,3782.4,11.8,Phone
1572,5/4/2025,1011,2013,401,1,1683.65,12.3,Mobile
1573,5/4/2025,1040,2003,404,0,385.18,2.9,Catalog
1574,5/4/2025,1018,2030,404,2,135.98,4.5,Online
1575,5/4/2025,1107,2025,403,1,754.97,6,InStore
1576,5/4/2025,1199,2014,403,1,0,2,Phone
1577,5/4/2025,1025,2030,404,1,0,2,Mobile
1578,5/4/2025,1096,2028,401,3,2551.76,13.5,Catalog
1579,5/4/2025,1149,2062,401,3,1858.08,12.4,Online
1580,5/4/2025,1037,2027,404,1,465.5,2.8,InStore
1581,5/4/2025,1099,2047,402,3,0,2,Phone
1582,5/4/2025,1184,2024,403,2,198.83,4.6,Mobile
1583,5/4/2025,1051,2042,402,0,167.61,4.8,Catalog
1584,5/4/2025,1177,2072,401,2,672.48,5.2,Online
1585,5/4/2025,1034,2014,404,3,985.2,5.2,InStore
1586,5/4/2025,1107,2021,403,1,751.87,6.5,Phone
1587,5/4/2025,1075,2077,402,1,2528.24,13.9,Mobile
1588,5/4/2025,1147,2070,402,0,34.18,4.6,Catalog
1589,5/4/2025,1105,2066,404,1,928.91,8.8,Online
1590,5/4/2025,1151,2060,404,2,653.41,7.1,InStore
1591,5/4/2025,1003,2093,404,1,680.35,6.4,Phone
1592,5/4/2025,1063,2041,404,1,2171.37,12.1,Mobile
1593,5/4/2025,1151,2019,401,3,933.93,8.5,Catalog
1594,5/4/2025,1011,2005,404,0,428.78,4.5,Online
1595,5/4/2025,1108,2067,404,3,290.95,2.4,InStore
1596,5/4/2025,1178,2012,404,3,623.19,8.1,Phone
1597,5/4/2025,1061,2010,401,3,389.2,2.7,Mobile
1598,5/4/2025,1055,2016,403,2,0,2,Catalog
1599,5/4/2025,1061,2082,401,0,266.6,2.1,Online
1600,5/4/2025,1122,2085,403,1,217.94,3,InStore
1601,5/4/2025,1180,2058,401,3,666.75,8.5,Phone
1602,5/4/2025,1118,2098,402,3,907.86,5.4,Mobile
1603,5/4/2025,1047,2047,404,0,334.98,2.3,Catalog
1604,5/4/2025,1160,2009,404,2,0,2,Online
1605,5/4/2025,1135,2004,403,3,3709,12,InStore
1606,5/4/2025,1192,2034,402,0,0,2,Phone
1607,5/4/2025,1158,2042,401,2,402.26,4,Mobile
1608,5/4/2025,1013,2014,404,2,197.04,4,Catalog
1609,5/4/2025,1119,2079,401,2,4562.59,10.7,Online
1610,5/4/2025,1093,2022,401,1,604.06,8.5,InStore
1611,5/4/2025,1035,2042,402,0,335.22,4.2,Phone
1612,5/4/2025,1166,2061,402,1,179.93,2.7,Mobile
1613,5/4/2025,1082,2045,403,3,312.14,4.4,Catalog
1614,5/4/2025,1070,2006,401,2,633.6,6.3,Online
1615,5/4/2025,1088,2057,404,0,436.98,4,InStore
1616,5/4/2025,1120,2090,403,3,214.92,4.5,Phone
1617,5/4/2025,1158,2047,401,1,904.45,6.2,Mobile
1618,5/4/2025,1117,2011,401,3,0,2,Catalog
1619,5/4/2025,1045,2036,401,0,217.98,2.2,Online
1620,5/4/2025,1042,2035,401,1,809.99,8.1,InStore
1621,5/4/2025,1127,2019,402,0,933.93,6.5,Phone
1622,5/4/2025,1075,2053,402,3,2440.6,13.4,Mobile
1623,5/4/2025,1088,2053,404,0,610.15,8.7,Catalog
1624,5/4/2025,1074,2024,401,0,248.54,2.9,Online
1625,5/4/2025,1059,2066,403,3,2064.24,10.3,InStore
1626,5/4/2025,1148,2043,403,3,873.45,5.7,Phone
1627,5/4/2025,1151,2085,404,3,726.45,5.7,Mobile
1628,5/4/2025,1077,2072,402,2,1008.72,6.2,Catalog
1629,5/4/2025,1043,2033,402,3,836.25,8.1,Online
1630,5/4/2025,1095,2036,401,1,392.36,5,InStore
1631,5/4/2025,1090,2036,404,1,588.55,5.3,Phone
1632,5/4/2025,1158,2020,403,1,676.49,5.8,Mobile
1633,5/4/2025,1044,2090,402,1,0,2,Catalog
1634,5/4/2025,1060,2014,401,2,591.12,5.9,Online
1635,5/4/2025,1147,2016,404,2,516.83,5.7,InStore
1636,5/4/2025,1094,2023,402,0,1879.08,14.4,Phone
1637,5/4/2025,1170,2040,403,1,0,2,Mobile
1638,5/4/2025,1095,2057,402,2,349.58,4.7,Catalog
1639,5/4/2025,1031,2003,404,3,0,2,Online
1640,5/4/2025,1196,2018,404,2,433.81,3.7,InStore
1641,5/4/2025,1039,2000,403,2,775.45,6.4,Phone
1642,5/4/2025,1121,2037,402,3,1080.42,8,Mobile
1643,5/4/2025,1086,2088,401,3,2837.4,10.4,Catalog
1644,5/4/2025,1010,2017,401,2,1112.88,5.2,Online
1645,5/4/2025,1006,2051,402,3,351.96,4.2,InStore
1646,5/4/2025,1091,2011,403,0,819.48,5.2,Phone
1647,5/4/2025,1155,2082,402,1,959.76,9,Mobile
1648,5/4/2025,1005,2098,403,1,817.07,6.4,Catalog
1649,5/4/2025,1005,2010,404,0,233.52,3.3,Online
1650,5/4/2025,1131,2050,402,3,747.12,8.7,InStore
1651,5/4/2025,1081,2077,401,2,1797.86,10.8,Phone
1652,5/4/2025,1101,2018,404,2,867.62,6.9,Mobile
1653,5/4/2025,1098,2047,401,2,1071.94,7.7,Catalog
1654,5/4/2025,1088,2044,403,3,830.32,8.1,Online
1655,5/4/2025,1143,2011,402,3,1229.22,7.4,InStore
1656,5/4/2025,1189,2053,404,2,1464.36,5.3,Phone
1657,5/4/2025,1041,2093,404,3,2267.82,12.5,Mobile
1658,5/4/2025,1035,2075,401,1,1405.15,6.8,Catalog
1659,5/4/2025,1053,2038,404,2,2964.83,10.3,Online
1660,5/4/2025,1016,2075,404,0,3122.56,14,InStore
1661,5/4/2025,1001,2052,403,3,731.26,7.2,Phone
1662,5/4/2025,1044,2071,404,1,553.64,8.4,Mobile
1663,5/4/2025,1051,2023,404,2,0,2,Catalog
1664,5/4/2025,1141,2062,401,2,1486.46,5.2,Online
1665,5/4/2025,1149,2038,404,3,926.51,6.8,InStore
1666,5/4/2025,1057,2003,401,1,2079.97,10,Phone
1667,5/4/2025,1067,2038,404,0,926.51,6.4,Mobile
1668,5/4/2025,1167,2085,403,3,242.15,3.5,Catalog
1669,5/4/2025,1045,2062,402,0,1858.08,10.5,Online
1670,5/4/2025,1030,2097,403,3,3368.4,12.6,InStore
1671,5/4/2025,1017,2076,403,3,0,2,Phone
1672,5/4/2025,1144,2055,403,3,161.82,4.7,Mobile
1673,5/4/2025,1177,2015,403,0,674.97,6.5,Catalog
1674,5/4/2025,1066,2020,401,1,1014.74,8.6,Online
1675,5/4/2025,1081,2059,402,2,409.64,4.2,InStore
1676,5/4/2025,1041,2006,403,2,475.2,3.7,Phone
1677,5/4/2025,1107,2081,403,0,3731.1,14.2,Mobile
1678,5/4/2025,1074,2037,401,1,0,2,Catalog
1679,5/4/2025,1196,2080,402,0,832.26,7.7,Online
1680,5/4/2025,1153,2096,402,2,1075.49,5.7,InStore
1681,5/4/2025,1080,2087,403,2,127.46,3.7,Phone
1682,5/4/2025,1175,2089,403,0,2067.6,13,Mobile
1683,5/4/2025,1136,2074,403,1,593.55,7.6,Catalog
1684,5/4/2025,1003,2017,403,2,1112.88,6,Online
1685,5/4/2025,1199,2062,404,2,990.98,7.4,InStore
1686,5/4/2025,1041,2013,402,1,1683.65,14,Phone
1687,5/4/2025,1128,2028,402,0,0,2,Mobile
1688,5/4/2025,1106,2058,401,0,1333.5,8.8,Catalog
1689,5/4/2025,1033,2002,404,2,1385.6,7.2,Online
1690,5/4/2025,1079,2088,403,1,2553.66,12.4,InStore
1691,5/4/2025,1113,2076,403,1,0,2,Phone
1692,5/4/2025,1181,2038,401,0,2779.53,11.6,Mobile
1693,5/4/2025,1056,2016,402,1,872.15,8.4,Catalog
1694,5/4/2025,1078,2016,402,1,872.15,8.8,Online
1695,5/4/2025,1020,2054,401,0,1801.02,12,InStore
1696,5/4/2025,1004,2099,404,3,0,2,Phone
1697,5/4/2025,1010,2025,401,0,559.24,7.5,Mobile
1698,5/4/2025,1168,2065,401,3,1411.02,7.6,Catalog
1699,5/4/2025,1030,2032,401,0,945.6,7.1,Online
1700,5/4/2025,1077,2085,401,0,0,2,InStore
1701,5/4/2025,1005,2015,402,1,0,2,Phone
1702,5/4/2025,1047,2085,403,0,242.15,2.3,Mobile
1703,5/4/2025,1023,2018,403,2,0,2,Catalog
1704,5/4/2025,1090,2020,402,0,751.66,5.1,Online
1705,5/4/2025,1025,2074,401,1,593.55,7.2,InStore
1706,5/4/2025,1183,2024,403,1,335.53,4.4,Phone
1707,5/4/2025,1193,2068,401,0,820.24,9,Mobile
1708,5/4/2025,1054,2064,404,2,235.23,3.5,Catalog
1709,5/4/2025,1178,2075,402,3,5464.48,14.3,Online
1710,5/4/2025,1172,2013,402,2,2244.86,14.7,InStore
1711,5/4/2025,1097,2054,402,1,810.46,5.8,Phone
1712,5/4/2025,1104,2014,403,0,246.3,3.6,Mobile
1713,5/4/2025,1119,2014,402,3,1231.5,8.9,Catalog
1714,5/4/2025,1195,2046,403,0,100.29,3.4,Online
1715,5/4/2025,1021,2041,404,0,0,2,InStore
1716,5/4/2025,1098,2036,404,2,0,2,Phone
1717,5/4/2025,1175,2056,402,3,2098.88,10.7,Mobile
1718,5/4/2025,1074,2054,402,0,2701.53,14.4,Catalog
1719,5/4/2025,1121,2086,403,1,3218.76,15,Online
1720,5/4/2025,1003,2086,404,0,1788.2,10.2,InStore
1721,5/4/2025,1101,2056,401,0,524.72,5.9,Phone
1722,5/4/2025,1036,2050,404,0,747.12,8.8,Mobile
1723,5/4/2025,1189,2021,401,2,1336.66,5.2,Catalog
1724,5/4/2025,1050,2043,402,3,873.45,7.4,Online
1725,5/4/2025,1031,2029,404,3,40.53,3.7,InStore
1726,5/4/2025,1071,2097,403,3,2526.3,10.2,Phone
1727,5/4/2025,1091,2060,404,3,1225.14,6.8,Mobile
1728,5/4/2025,1130,2035,402,3,899.99,5.8,Catalog
1729,5/4/2025,1027,2015,403,3,0,2,Online
1730,5/4/2025,1127,2029,402,0,40.53,4.5,InStore
1731,5/4/2025,1025,2094,401,0,1973.4,10.6,Phone
1732,5/4/2025,1127,2086,401,1,4828.14,10.7,Mobile
1733,5/4/2025,1097,2077,403,1,2022.59,10.2,Catalog
1734,5/4/2025,1077,2079,401,0,1901.08,12.1,Online
1735,5/4/2025,1169,2096,404,3,672.18,6.6,InStore
1736,5/4/2025,1051,2037,404,3,1800.7,11.8,Phone
1737,5/4/2025,1129,2033,403,0,1672.5,11.4,Mobile
1738,5/4/2025,1195,2004,404,0,2781.75,12,Catalog
1739,5/4/2025,1098,2057,403,3,1310.94,6.9,Online
1740,5/4/2025,1113,2058,401,0,2000.25,13.2,InStore
1741,5/4/2025,1045,2071,403,1,0,2,Phone
1742,5/4/2025,1125,2055,402,2,86.3,3.5,Mobile
1743,5/4/2025,1183,2049,404,0,1879.68,13.5,Catalog
1744,5/4/2025,1145,2086,404,3,2682.3,12,Online
1745,5/4/2025,1121,2071,402,0,1845.48,12.8,InStore
1746,5/4/2025,1100,2033,404,3,2508.75,10.9,Phone
1747,5/4/2025,1157,2086,403,2,1430.56,8.4,Mobile
1748,5/4/2025,1082,2007,401,0,1750.17,13.1,Catalog
1749,5/4/2025,1032,2046,403,0,167.15,4.2,Online
1750,5/4/2025,1195,2080,403,3,3329.04,12.2,InStore
1751,5/4/2025,1024,2054,403,2,0,2,Phone
1752,5/4/2025,1105,2044,401,1,373.64,2.2,Mobile
1753,5/4/2025,1063,2030,403,0,509.91,8.6,Catalog
1754,5/4/2025,1176,2008,403,0,133.18,2.9,Online
1755,5/4/2025,1086,2021,401,2,2004.98,11.7,InStore
1756,5/4/2025,1009,2058,404,3,2000.25,12.8,Phone
1757,5/4/2025,1068,2002,404,0,0,2,Mobile
1758,5/4/2025,1081,2048,404,2,572.21,9,Catalog
1759,5/4/2025,1146,2012,404,0,623.19,6.4,Online
1760,5/4/2025,1176,2086,402,2,1430.56,6.1,InStore
1761,5/4/2025,1127,2064,403,1,529.27,7.9,Phone
1762,5/4/2025,1157,2038,403,3,4632.55,14.4,Mobile
1763,5/4/2025,1051,2063,401,1,0,2,Catalog
1764,5/4/2025,1073,2033,401,2,1338,6.6,Online
1765,5/4/2025,1146,2051,402,0,0,2,InStore
1766,5/4/2025,1183,2074,401,2,0,2,Phone
1767,5/4/2025,1069,2008,404,3,66.59,3.1,Mobile
1768,5/4/2025,1053,2044,401,2,332.13,2.6,Catalog
1769,5/4/2025,1129,2038,404,2,0,2,Online
1770,5/4/2025,1051,2053,404,2,488.12,3.4,InStore
1771,5/4/2025,1159,2065,404,1,1693.22,14.4,Phone
1772,5/4/2025,1004,2080,402,3,3329.04,10.3,Mobile
1773,5/4/2025,1054,2084,404,2,901.92,6,Catalog
1774,5/4/2025,1163,2068,404,0,1640.48,14.4,Online
1775,5/4/2025,1133,2025,403,3,838.86,6.2,InStore
1776,5/4/2025,1037,2030,402,2,271.95,2.9,Phone
1777,5/4/2025,1111,2052,403,0,731.26,5.5,Mobile
1778,5/4/2025,1162,2026,404,2,169.25,4.3,Catalog
1779,5/4/2025,1073,2082,402,2,213.28,2.2,Online
1780,5/4/2025,1175,2076,402,3,806.07,8.4,InStore
1781,5/4/2025,1061,2014,402,1,665.01,7.7,Phone
1782,5/4/2025,1007,2031,403,3,1695.9,12.2,Mobile
1783,5/4/2025,1124,2071,404,3,1845.48,15,Catalog
1784,5/4/2025,1165,2004,402,1,1669.05,14.5,Online
1785,5/4/2025,1069,2017,401,2,0,2,InStore
1786,5/4/2025,1071,2084,402,0,281.85,4.3,Phone
1787,5/4/2025,1184,2062,401,0,2477.44,13,Mobile
1788,5/4/2025,1021,2040,403,0,69.08,4.2,Catalog
1789,5/4/2025,1104,2046,401,3,167.15,4.6,Online
1790,5/4/2025,1185,2017,402,0,1854.8,10.6,InStore
1791,5/4/2025,1146,2094,401,2,789.36,6.7,Phone
1792,5/4/2025,1127,2011,402,0,409.74,3.4,Mobile
1793,5/4/2025,1197,2040,403,3,138.16,4.5,Catalog
1794,5/4/2025,1191,2095,402,3,1963.16,14.9,Online
1795,5/4/2025,1055,2018,401,1,488.03,4,InStore
1796,5/4/2025,1054,2035,404,3,899.99,8.1,Phone
1797,5/4/2025,1065,2075,401,3,3903.2,13.2,Mobile
1798,5/4/2025,1136,2047,401,2,267.98,3.1,Catalog
1799,5/4/2025,1139,2054,404,1,3241.84,14.6,Online
1800,5/4/2025,1071,2018,403,3,0,2,InStore
1801,5/4/2025,1183,2047,403,0,1004.94,8.5,Phone
1802,5/4/2025,1165,2077,401,0,1685.49,14.9,Mobile
1803,5/4/2025,1176,2085,402,2,581.16,6.4,Catalog
1804,5/4/2025,1141,2049,403,2,1503.74,12.5,Online
1805,5/4/2025,1175,2015,402,3,674.97,8,InStore
1806,5/4/2025,1099,2001,404,2,0,2,Phone
1807,5/4/2025,1077,2011,402,2,655.58,5.5,Mobile
1808,5/4/2025,1053,2020,404,2,601.33,7.1,Catalog
1809,5/4/2025,1196,2082,404,0,533.2,6.9,Online
1810,5/4/2025,1070,2010,404,3,311.36,2.2,InStore
1811,5/4/2025,1188,2052,403,3,2925.04,10.3,Phone
1812,5/4/2025,1025,2020,403,0,375.83,3.2,Mobile
1813,5/4/2025,1090,2053,403,3,1830.45,14,Catalog
1814,5/4/2025,1177,2003,401,1,346.66,4.9,Online
1815,5/4/2025,1161,2056,402,0,1049.44,6.8,InStore
1816,5/4/2025,1102,2025,403,2,0,2,Phone
1817,5/4/2025,1147,2010,401,1,70.06,3.5,Mobile
1818,5/4/2025,1063,2066,402,3,516.06,8.5,Catalog
1819,5/4/2025,1081,2057,404,1,786.56,7.8,Online
1820,5/4/2025,1066,2022,403,2,536.94,8.6,InStore
1821,5/4/2025,1050,2010,404,2,62.27,2.9,Phone
1822,5/4/2025,1046,2050,404,1,336.2,2.6,Mobile
1823,5/4/2025,1005,2002,402,0,3464,14.9,Catalog
1824,5/4/2025,1118,2025,403,1,0,2,Online
1825,5/4/2025,1012,2051,404,2,93.86,4.8,InStore
1826,5/4/2025,1038,2011,403,1,1475.06,5.1,Phone
1827,5/4/2025,1145,2015,401,3,2024.91,14.9,Mobile
1828,5/4/2025,1197,2058,404,0,666.75,7.8,Catalog
1829,5/4/2025,1057,2091,402,1,815.21,8.6,Online
1830,5/4/2025,1005,2034,403,3,544.68,7.7,InStore
1831,5/4/2025,1097,2016,404,1,290.72,4.1,Phone
1832,5/4/2025,1153,2027,403,1,698.25,8.3,Mobile
1833,5/4/2025,1107,2023,404,1,2536.76,13.7,Catalog
1834,5/4/2025,1007,2037,403,1,648.25,6.8,Online
1835,5/4/2025,1158,2057,402,2,699.17,8.2,InStore
1836,5/4/2025,1149,2087,404,0,637.28,8,Phone
1837,5/4/2025,1002,2060,402,2,326.7,3.9,Mobile
1838,5/4/2025,1177,2050,402,3,186.78,2.7,Catalog
1839,5/4/2025,1181,2054,403,0,1801.02,10.3,Online
1840,5/4/2025,1024,2071,401,0,615.16,6.6,InStore
1841,5/4/2025,1085,2030,404,2,407.93,4,Phone
1842,5/4/2025,1155,2085,401,0,726.45,8.2,Mobile
1843,5/4/2025,1064,2064,404,2,940.93,6.4,Catalog
1844,5/4/2025,1101,2085,403,1,217.94,4.3,Online
1845,5/4/2025,1143,2005,402,2,343.02,4,InStore
1846,5/4/2025,1043,2064,404,2,235.23,4,Phone
1847,5/4/2025,1119,2016,401,2,258.42,2.4,Mobile
1848,5/4/2025,1181,2067,404,1,523.71,6.8,Catalog
1849,5/4/2025,1066,2014,403,0,0,2,Online
1850,5/4/2025,1032,2063,403,2,441.97,3.9,InStore
1851,5/4/2025,1110,2036,403,2,348.77,2.6,Phone
1852,5/4/2025,1132,2040,404,1,124.34,4.9,Mobile
1853,5/4/2025,1080,2094,404,1,0,2,Catalog
1854,5/4/2025,1142,2084,404,0,0,2,Online
1855,5/4/2025,1048,2019,401,1,840.54,8.3,InStore
1856,5/4/2025,1046,2004,404,2,741.8,5.1,Phone
1857,5/4/2025,1041,2090,404,3,358.2,3.4,Mobile
1858,5/4/2025,1029,2063,401,3,1657.38,12.8,Catalog
1859,5/4/2025,1091,2090,404,3,214.92,2.2,Online
1860,5/4/2025,1126,2014,402,0,492.6,2.9,InStore
1861,5/4/2025,1089,2011,402,2,1638.96,13.7,Phone
1862,5/4/2025,1046,2021,403,1,2255.61,10.2,Mobile
1863,5/4/2025,1149,2000,402,3,4846.55,14.9,Catalog
1864,5/4/2025,1019,2031,404,0,1695.9,10.3,Online
1865,5/4/2025,1084,2003,403,0,0,2,InStore
1866,5/4/2025,1100,2047,401,2,803.95,5.5,Phone
1867,5/4/2025,1039,2003,401,3,1155.54,7,Mobile
1868,5/4/2025,1181,2084,404,3,1127.4,8.7,Catalog
1869,5/4/2025,1160,2034,401,2,326.81,3,Online
1870,5/4/2025,1011,2083,404,2,614.53,6.6,InStore
1871,5/4/2025,1187,2093,402,1,680.35,5.1,Phone
1872,5/4/2025,1012,2082,403,2,853.12,6.8,Mobile
1873,5/4/2025,1014,2095,401,3,0,2,Catalog
1874,5/4/2025,1023,2051,403,1,211.18,3.7,Online
1875,5/4/2025,1061,2098,404,0,2723.58,12.6,InStore
1876,5/4/2025,1005,2026,402,3,211.56,4.4,Phone
1877,5/4/2025,1199,2051,403,1,0,2,Mobile
1878,5/4/2025,1030,2038,404,3,3706.04,11.7,Catalog
1879,5/4/2025,1188,2039,402,2,1562.3,14.5,Online
1880,5/4/2025,1170,2012,403,1,560.87,6.1,InStore
1881,5/4/2025,1125,2057,404,3,1310.94,7.9,Phone
1882,5/4/2025,1068,2072,404,0,420.3,2.1,Mobile
1883,5/4/2025,1193,2054,403,1,0,2,Catalog
1884,5/4/2025,1111,2080,404,0,1664.52,12,Online
1885,5/4/2025,1010,2065,403,3,0,2,InStore
1886,5/4/2025,1173,2028,402,3,2551.76,14.3,Phone
1887,5/4/2025,1134,2080,401,2,1331.62,6.1,Mobile
1888,5/4/2025,1119,2055,401,3,269.7,2.2,Catalog
1889,5/4/2025,1076,2019,402,2,747.14,7.7,Online
1890,5/4/2025,1063,2066,404,2,0,2,InStore
1891,5/4/2025,1145,2006,401,0,0,2,Phone
1892,5/4/2025,1131,2013,404,3,4676.8,10.3,Mobile
1893,5/4/2025,1024,2059,403,2,0,2,Catalog
1894,5/4/2025,1065,2074,401,0,3297.5,12.2,Online
1895,5/4/2025,1029,2094,404,1,0,2,InStore
1896,5/4/2025,1046,2050,401,0,560.34,5.3,Phone
1897,5/4/2025,1106,2090,403,2,114.62,4.2,Mobile
1898,5/4/2025,1150,2092,404,3,482.21,3,Catalog
1899,5/4/2025,1159,2033,403,1,752.62,7,Online
1900,5/4/2025,1054,2023,401,2,751.63,8.2,InStore
1901,5/4/2025,1172,2013,404,0,1870.72,10.2,Phone
1902,5/4/2025,1001,2050,401,0,560.34,7.9,Mobile
1903,5/4/2025,1043,2083,404,3,2304.48,13.6,Catalog
1904,5/4/2025,1177,2051,404,2,281.57,2.6,Online
1905,5/4/2025,1158,2078,403,3,568.04,8.5,InStore
1906,5/4/2025,1077,2011,402,1,368.77,4.3,Phone
1907,5/4/2025,1003,2024,401,0,248.54,3.9,Mobile
1908,5/4/2025,1178,2024,401,1,223.69,4.3,Catalog
1909,5/4/2025,1123,2083,402,1,1382.69,5.4,Online
1910,5/4/2025,1111,2080,402,0,3329.04,11.9,InStore
1911,5/4/2025,1077,2098,404,1,817.07,7.5,Phone
1912,5/4/2025,1121,2054,401,0,0,2,Mobile
1913,5/4/2025,1042,2019,404,3,933.93,7.7,Catalog
1914,5/4/2025,1120,2002,404,1,1558.8,11.3,Online
1915,5/4/2025,1051,2037,404,0,0,2,InStore
1916,5/4/2025,1085,2001,401,3,412.35,2.6,Phone
1917,5/4/2025,1106,2063,403,0,0,2,Mobile
1918,5/4/2025,1124,2051,404,3,351.96,2.4,Catalog
1919,5/4/2025,1059,2091,401,0,1811.58,13.6,Online
1920,5/4/2025,1108,2073,403,0,1498.29,6.7,InStore
1921,5/4/2025,1068,2082,404,3,0,2,Phone
1922,5/4/2025,1029,2063,403,3,3314.76,12.6,Mobile
1923,5/4/2025,1178,2055,401,1,242.73,3.7,Catalog
1924,5/4/2025,1073,2092,402,3,482.21,4.8,Online
1925,5/4/2025,1088,2056,402,1,1888.99,14.1,InStore
1926,5/4/2025,1150,2087,403,3,477.96,2,Phone
1927,5/4/2025,1033,2037,404,3,1440.56,8.7,Mobile
1928,5/4/2025,1172,2083,403,3,2304.48,12.5,Catalog
1929,5/4/2025,1041,2079,402,2,2281.3,12.1,Online
1930,5/4/2025,1176,2095,401,3,1472.37,8.2,InStore
1931,5/4/2025,1033,2022,402,1,1208.12,8.7,Phone
1932,5/4/2025,1155,2062,401,3,1858.08,14.3,Mobile
1933,5/4/2025,1126,2038,402,1,1667.72,10.6,Catalog
1934,5/4/2025,1142,2006,401,2,0,2,Online
1935,5/4/2025,1066,2045,402,1,1123.7,5.4,InStore
1936,5/4/2025,1128,2004,401,2,2967.2,12.4,Phone
1937,5/4/2025,1110,2014,402,0,246.3,4.1,Mobile
1938,5/4/2025,1143,2028,404,2,1531.06,11.4,Catalog
1939,5/4/2025,1087,2045,401,2,0,2,Online
1940,5/4/2025,1038,2088,401,0,1418.7,8.2,InStore
1941,5/4/2025,1112,2058,401,0,0,2,Phone
1942,5/4/2025,1005,2078,401,0,426.03,3.3,Mobile
1943,5/4/2025,1129,2013,402,0,1870.72,13.6,Catalog
1944,5/4/2025,1052,2046,402,2,26.74,2.1,Online
1945,5/4/2025,1181,2056,404,0,0,2,InStore
1946,5/4/2025,1039,2082,403,2,0,2,Phone
1947,5/4/2025,1035,2015,402,3,3374.85,11.6,Mobile
1948,5/4/2025,1106,2098,401,1,1634.15,11,Catalog
1949,5/4/2025,1121,2043,403,1,1572.21,13.9,Online
1950,5/4/2025,1021,2034,403,3,544.68,5,InStore
1951,5/4/2025,1092,2080,402,1,3745.17,10,Phone
1952,5/4/2025,1192,2096,404,1,1814.89,13.2,Mobile
1953,5/4/2025,1035,2054,404,3,0,2,Catalog
1954,5/4/2025,1117,2066,403,0,0,2,Online
1955,5/4/2025,1113,2018,401,0,1084.52,7.4,InStore
1956,5/4/2025,1021,2043,403,3,2620.35,10.2,Phone
1957,5/4/2025,1197,2021,404,0,1670.82,14.3,Mobile
1958,5/4/2025,1100,2097,401,1,2273.67,12.1,Catalog
1959,5/4/2025,1147,2007,403,3,0,2,Online
1960,5/4/2025,1102,2087,403,2,0,2,InStore
1961,5/4/2025,1088,2001,403,1,1113.34,8,Phone
1962,5/4/2025,1179,2051,404,1,211.18,4.4,Mobile
1963,5/4/2025,1139,2079,404,2,2281.3,10.7,Catalog
1964,5/4/2025,1005,2083,404,1,691.34,8.6,Online
1965,5/4/2025,1077,2010,401,2,186.82,2.2,InStore
1966,5/4/2025,1099,2092,402,2,1157.3,6.5,Phone
1967,5/4/2025,1054,2011,403,2,327.79,4.8,Mobile
1968,5/4/2025,1193,2081,402,0,2238.66,10.9,Catalog
1969,5/4/2025,1007,2069,403,1,836.6,5.3,Online
1970,5/4/2025,1198,2038,404,0,1853.02,12.8,InStore
1971,5/4/2025,1187,2007,403,2,466.71,3,Phone
1972,5/4/2025,1160,2064,403,0,1176.16,8.7,Mobile
1973,5/4/2025,1012,2096,401,3,672.18,9,Catalog
1974,5/4/2025,1076,2073,401,3,499.43,2.6,Online
1975,5/4/2025,1086,2030,402,2,407.93,2,InStore
1976,5/4/2025,1076,2036,402,3,217.98,4.7,Phone
1977,5/4/2025,1133,2094,402,0,1973.4,12.3,Mobile
1978,5/4/2025,1083,2066,402,2,1238.54,6.7,Catalog
1979,5/4/2025,1116,2012,402,3,0,2,Online
1980,5/4/2025,1105,2010,401,0,155.68,3.8,InStore
1981,5/4/2025,1108,2016,404,1,872.15,6.1,Phone
1982,5/4/2025,1114,2009,403,3,198.93,3.9,Mobile
1983,5/4/2025,1150,2071,404,2,492.13,4,Catalog
1984,5/4/2025,1149,2063,404,3,2762.3,13.3,Online
1985,5/4/2025,1176,2062,404,1,557.42,5.1,InStore
1986,5/4/2025,1036,2064,402,3,294.04,4.6,Phone
1987,5/4/2025,1182,2058,402,0,0,2,Mobile
1988,5/4/2025,1177,2027,404,3,1034.44,7.8,Catalog
1989,5/4/2025,1008,2095,402,2,0,2,Online
1990,5/4/2025,1030,2077,404,0,1123.66,7,InStore
1991,5/4/2025,1030,2047,403,0,334.98,4.6,Phone
1992,5/4/2025,1133,2019,401,2,747.14,6.5,Mobile
1993,5/4/2025,1078,2047,403,2,535.97,7.1,Catalog
1994,5/4/2025,1124,2003,402,1,1386.65,7.3,Online
1995,5/4/2025,1005,2075,404,0,3122.56,12,InStore
1996,5/4/2025,1078,2036,402,1,588.55,6.7,Phone
1997,5/4/2025,1189,2062,401,0,2477.44,11.2,Mobile
1998,5/4/2025,1140,2044,401,0,207.58,2.7,Catalog
1999,5/4/2025,1106,2061,403,3,599.76,5.5,Online
2000,5/4/2025,1086,2048,404,1,321.87,2.2,InStore
6,5/4/2025,1089,2028,401,0,1275.88,7.2,Phone
